<?xml version="1.0" encoding="utf-8" standalone="no"?>
    <dublin_core schema="dc">
    <dcvalue element="contributor" qualifier="author">Litts, Breanne K.</dcvalue>
<dcvalue element="contributor" qualifier="author">Kafai, Yasmin B.</dcvalue>
<dcvalue element="contributor" qualifier="author">Fields, Deborah A.</dcvalue>
<dcvalue element="contributor" qualifier="author">Halverson, Erica R.</dcvalue>
<dcvalue element="contributor" qualifier="author">Peppler, Kylie</dcvalue>
<dcvalue element="contributor" qualifier="author">Keune, Anna</dcvalue>
<dcvalue element="contributor" qualifier="author">Tissenbaum, Mike</dcvalue>
<dcvalue element="contributor" qualifier="author">Grimes, Sara M.</dcvalue>
<dcvalue element="contributor" qualifier="author">Chang, Stephanie</dcvalue>
<dcvalue element="contributor" qualifier="author">Regalla, Lisa</dcvalue>
<dcvalue element="contributor" qualifier="author">Telhan, Orkan</dcvalue>
<dcvalue element="contributor" qualifier="author">Tan, Michael</dcvalue>
      <dcvalue element="date" qualifier="accessioned">2017-06-19T11:36:37Z</dcvalue>
      <dcvalue element="date" qualifier="available">2017-06-19T11:36:37Z</dcvalue>
      <dcvalue element="date" qualifier="issued">2016-07</dcvalue>
      <dcvalue element="identifier" qualifier="citation" language="en_US">Litts, B. K., Kafai, Y. B., Fields, D. A., Halverson, E. R., Peppler, K., Keune, A., Tissenbaum, M., Grimes, S. M., Chang, S., Regalla, L., Telhan, O., &amp; Tan, M.&#x20;(2016).&#x20;Connected Making: Designing for Youth Learning in Online Maker Communities In and Out of Schools&#x20;In&#x20;Looi,&#x20;C.&#x20;K.,&#x20;Polman,&#x20;J.&#x20;L.,&#x20;Cress,&#x20;U.,&#x20;and&#x20;Reimann,&#x20;P.&#x20;(Eds.).&#x20;Transforming&#x20;Learning,&#x20;Empowering&#x20;Learners:&#x20;The&#x20;International&#x20;Conference&#x20;of&#x20;the&#x20;Learning&#x20;Sciences&#x20;(ICLS)&#x20;2016,&#x20;Volume&#x20;2.&#x20;Singapore:&#x20;International&#x20;Society&#x20;of&#x20;the&#x20;Learning&#x20;Sciences,&#x20;pp.&#x20;35-43.</dcvalue>
      <dcvalue element="identifier" qualifier="uri">https://doi.dx.org&#x2F;10.22318&#x2F;icls2016.164</dcvalue>
      <dcvalue element="description" qualifier="abstract" language="en_US">While here is ample research on how youth are connected in online spaces and how youth participate online via sharing and reviewing artifacts, yet less is known about how these social connections and contributions emerge, especially in the context of physical making and what can they contribute to learning and assessment. Thus, our symposium primarily addresses two questions: (1) How do youth connect and learn in online maker communities? and (2) How can we design online maker tools for learning in and out of schools? We share efforts examining how sharing artifacts, documenting design processes, and providing feedback via online tools can support young makers in creating physical artifacts and offer insights to new assessment models.</dcvalue>
      <dcvalue element="language" qualifier="iso" language="en_US">en</dcvalue>
      <dcvalue element="publisher" qualifier="none" language="en_US">Singapore:&#x20;International&#x20;Society&#x20;of&#x20;the&#x20;Learning&#x20;Sciences</dcvalue>
      <dcvalue element="title" qualifier="none" language="en_US">Connected Making: Designing for Youth Learning in Online Maker Communities In and Out of Schools</dcvalue>
      <dcvalue element="type" qualifier="none" language="en_US">Book&#x20;chapter</dcvalue>
      &lt;dc:subject xml:lang="en"&gt;making&lt;/dc:subject&gt;
&lt;dc:subject xml:lang="en"&gt;online communities&lt;/dc:subject&gt;
&lt;dc:subject xml:lang="en"&gt;collaboration&lt;/dc:subject&gt;
&lt;dc:subject xml:lang="en"&gt;connected learning&lt;/dc:subject&gt;
    </dublin_core>