<?xml version="1.0" encoding="utf-8" standalone="no"?>
    <dublin_core schema="dc">
    <dcvalue element="contributor" qualifier="author">Hod, Yotam</dcvalue>
<dcvalue element="contributor" qualifier="author">Sagy, Ornit</dcvalue>
<dcvalue element="contributor" qualifier="author">, </dcvalue>
      <dcvalue element="date" qualifier="accessioned">2017-06-19T11:35:29Z</dcvalue>
      <dcvalue element="date" qualifier="available">2017-06-19T11:35:29Z</dcvalue>
      <dcvalue element="date" qualifier="issued">2016-07</dcvalue>
      <dcvalue element="identifier" qualifier="citation" language="en_US">Hod, Y., Sagy, O., &amp; &#x20;(2016).&#x20;Learning the Learning Sciences: An Investigation of Newcomers’ Sociocultural Ideas&#x20;In&#x20;Looi,&#x20;C.&#x20;K.,&#x20;Polman,&#x20;J.&#x20;L.,&#x20;Cress,&#x20;U.,&#x20;and&#x20;Reimann,&#x20;P.&#x20;(Eds.).&#x20;Transforming&#x20;Learning,&#x20;Empowering&#x20;Learners:&#x20;The&#x20;International&#x20;Conference&#x20;of&#x20;the&#x20;Learning&#x20;Sciences&#x20;(ICLS)&#x20;2016,&#x20;Volume&#x20;2.&#x20;Singapore:&#x20;International&#x20;Society&#x20;of&#x20;the&#x20;Learning&#x20;Sciences,&#x20;pp.&#x20;35-43.</dcvalue>
      <dcvalue element="identifier" qualifier="uri">https://doi.dx.org&#x2F;10.22318&#x2F;icls2016.108</dcvalue>
      <dcvalue element="description" qualifier="abstract" language="en_US">The sociocultural perspective is one of the key ideas of the Learning Sciences. For the field to sustain and expand its collective knowledge and practices, it is vital to enculturate sociocultural thinking to new generations of scholars and practitioners. In this short paper, we advance this goal by investigating the way students who study the Learning Sciences come to view learning from a sociocultural perspective. Here, we focus upon one case study within the context of an affiliate of the Network of Academic Programs in the Learning Sciences. Our findings indicate three ideas that signify sociocultural thinking: (1) Collaboration-as-learning; (2) Culture as relevant to learning; and (3) Learning as a process. </dcvalue>
      <dcvalue element="language" qualifier="iso" language="en_US">en</dcvalue>
      <dcvalue element="publisher" qualifier="none" language="en_US">Singapore:&#x20;International&#x20;Society&#x20;of&#x20;the&#x20;Learning&#x20;Sciences</dcvalue>
      <dcvalue element="title" qualifier="none" language="en_US">Learning the Learning Sciences: An Investigation of Newcomers’ Sociocultural Ideas</dcvalue>
      <dcvalue element="type" qualifier="none" language="en_US">Book&#x20;chapter</dcvalue>
      &lt;dc:subject xml:lang="en"&gt;collaboration&lt;/dc:subject&gt;
&lt;dc:subject xml:lang="en"&gt;enculturation&lt;/dc:subject&gt;
&lt;dc:subject xml:lang="en"&gt;higher education&lt;/dc:subject&gt;
&lt;dc:subject xml:lang="en"&gt;learning community&lt;/dc:subject&gt;
&lt;dc:subject xml:lang="en"&gt;sociocultural&lt;/dc:subject&gt;
    </dublin_core>