<?xml version="1.0" encoding="utf-8" standalone="no"?>
    <dublin_core schema="dc">
    <dcvalue element="contributor" qualifier="author">Laina, Vasiliki</dcvalue>
<dcvalue element="contributor" qualifier="author">Wilkerson, Michelle</dcvalue>
      <dcvalue element="date" qualifier="accessioned">2017-06-19T11:36:06Z</dcvalue>
      <dcvalue element="date" qualifier="available">2017-06-19T11:36:06Z</dcvalue>
      <dcvalue element="date" qualifier="issued">2016-07</dcvalue>
      <dcvalue element="identifier" qualifier="citation" language="en_US">Laina, V. &amp; Wilkerson, M.&#x20;(2016).&#x20;Distributions, Trends, and Contradictions: A Case Study in Sensemaking With Interactive Data Visualizations&#x20;In&#x20;Looi,&#x20;C.&#x20;K.,&#x20;Polman,&#x20;J.&#x20;L.,&#x20;Cress,&#x20;U.,&#x20;and&#x20;Reimann,&#x20;P.&#x20;(Eds.).&#x20;Transforming&#x20;Learning,&#x20;Empowering&#x20;Learners:&#x20;The&#x20;International&#x20;Conference&#x20;of&#x20;the&#x20;Learning&#x20;Sciences&#x20;(ICLS)&#x20;2016,&#x20;Volume&#x20;2.&#x20;Singapore:&#x20;International&#x20;Society&#x20;of&#x20;the&#x20;Learning&#x20;Sciences,&#x20;pp.&#x20;35-43.</dcvalue>
      <dcvalue element="identifier" qualifier="uri">https://doi.dx.org&#x2F;10.22318&#x2F;icls2016.140</dcvalue>
      <dcvalue element="description" qualifier="abstract" language="en_US">Data visualizations are transforming how information is communicated. Educators should understand and support how youth reason about these complex representational artifacts. We analyze an interview in which young learners interpreted an interactive visualization as describing both relative distribution and absolute trends, and resolved conflicts related to this dual interpretation by re-aligning mathematical and personal knowledge. This case reflects a need for attention to multidimensional data and narrative design in research on data visualization literacy.</dcvalue>
      <dcvalue element="language" qualifier="iso" language="en_US">en</dcvalue>
      <dcvalue element="publisher" qualifier="none" language="en_US">Singapore:&#x20;International&#x20;Society&#x20;of&#x20;the&#x20;Learning&#x20;Sciences</dcvalue>
      <dcvalue element="title" qualifier="none" language="en_US">Distributions, Trends, and Contradictions: A Case Study in Sensemaking With Interactive Data Visualizations</dcvalue>
      <dcvalue element="type" qualifier="none" language="en_US">Book&#x20;chapter</dcvalue>
      &lt;dc:subject xml:lang="en"&gt;data visualization&lt;/dc:subject&gt;
&lt;dc:subject xml:lang="en"&gt;case study&lt;/dc:subject&gt;
&lt;dc:subject xml:lang="en"&gt;technology&lt;/dc:subject&gt;
&lt;dc:subject xml:lang="en"&gt;data analysis&lt;/dc:subject&gt;
    </dublin_core>