<?xml version="1.0" encoding="utf-8" standalone="no"?>
    <dublin_core schema="dc">
    <dcvalue element="contributor" qualifier="author">Margulieux, Lauren E.</dcvalue>
<dcvalue element="contributor" qualifier="author">McCracken, W. Michael</dcvalue>
<dcvalue element="contributor" qualifier="author">Catrambone, Richard</dcvalue>
      <dcvalue element="date" qualifier="accessioned">2017-06-19T14:15:51Z</dcvalue>
      <dcvalue element="date" qualifier="available">2017-06-19T14:15:51Z</dcvalue>
      <dcvalue element="date" qualifier="issued">2015-07</dcvalue>
      <dcvalue element="identifier" qualifier="citation" language="en_US">Margulieux, L. E., McCracken, W. M., &amp; Catrambone, R.&#x20;(2015).&#x20;Mixing In-Class and Online Learning: Content Meta-Analysis of Outcomes for Hybrid, Blended, and Flipped Courses&#x20;In&#x20; Lindwall,&#x20;O.,&#x20;Häkkinen,&#x20;P.,&#x20;Koschman,&#x20;T.&#x20;Tchounikine,&#x20;P.&#x20;&#x20;Ludvigsen,&#x20;S.&#x20;(Eds.)&#x20;(2015).&#x20;Exploring&#x20;the&#x20;Material&#x20;Conditions&#x20;of&#x20;Learning:&#x20;The&#x20;Computer&#x20;Supported&#x20;Collaborative&#x20;Learning&#x20;(CSCL)&#x20;Conference&#x20;2015,&#x20;Volume&#x20;1.&#x20;Gothenburg,&#x20;Sweden:&#x20;The&#x20;International&#x20;Society&#x20;of&#x20;the&#x20;Learning&#x20;Sciences.</dcvalue>
      <dcvalue element="identifier" qualifier="uri">https://doi.dx.org&#x2F;10.22318&#x2F;cscl2015.209</dcvalue>
      <dcvalue element="description" qualifier="abstract" language="en_US">Over the past 15 years, courses that mix face-to-face and online instructional methods, such as blended, hybrid, and flipped courses, have gained both supporters and skeptics in higher education. Studies that compare mixed courses to face-to-face or online courses have conflicting results: some find improved learning outcomes and some find no significant differences. We contend that these conflicting results are due to inconsistent or vague definitions of hybrid, blended, and flipped. To address this problem, we use the definitions from a recently proposed taxonomy to reclassify studies in the literature.  After reclassification, analysis of this literature reveals two main themes that illuminate how mixed instructional methods affect learning outcomes. Courses that use mixed methods can either reduce time in class and maintain learning outcomes or maintain time in class and improve learning outcomes.
</dcvalue>
      <dcvalue element="language" qualifier="iso" language="en_US">en</dcvalue>
      <dcvalue element="publisher" qualifier="none" language="en_US"> International&#x20;Society&#x20;of&#x20;the&#x20;Learning&#x20;Sciences,&#x20;Inc.&#x20;[ISLS].</dcvalue>
      <dcvalue element="title" qualifier="none" language="en_US">Mixing In-Class and Online Learning: Content Meta-Analysis of Outcomes for Hybrid, Blended, and Flipped Courses</dcvalue>
      <dcvalue element="type" qualifier="none" language="en_US">Book&#x20;chapter</dcvalue>
      <dc:subject xml:lang="en">Mixing In-Class and Online Learning: Content Meta-Analysis of Outcomes for Hybrid, Blended, and Flipped Courses</dc:subject>
<dc:subject xml:lang="en">hybrid</dc:subject>
<dc:subject xml:lang="en">blended</dc:subject>
<dc:subject xml:lang="en">flipped</dc:subject>
<dc:subject xml:lang="en">inverted</dc:subject>
    </dublin_core>