<?xml version="1.0" encoding="utf-8" standalone="no"?>
    <dublin_core schema="dc">
    <dcvalue element="contributor" qualifier="author">Thompson, Kate</dcvalue>
<dcvalue element="contributor" qualifier="author">Gouvea, Julia Svoboda</dcvalue>
<dcvalue element="contributor" qualifier="author">Habron, Geoffrey</dcvalue>
      <dcvalue element="date" qualifier="accessioned">2017-06-19T11:35:47Z</dcvalue>
      <dcvalue element="date" qualifier="available">2017-06-19T11:35:47Z</dcvalue>
      <dcvalue element="date" qualifier="issued">2016-07</dcvalue>
      <dcvalue element="identifier" qualifier="citation" language="en_US">Thompson, K., Gouvea, J. S., &amp; Habron, G.&#x20;(2016).&#x20;A Design Approach to Understanding the Activity of Learners in Interdisciplinary Settings: Environment and Diversity&#x20;In&#x20;Looi,&#x20;C.&#x20;K.,&#x20;Polman,&#x20;J.&#x20;L.,&#x20;Cress,&#x20;U.,&#x20;and&#x20;Reimann,&#x20;P.&#x20;(Eds.).&#x20;Transforming&#x20;Learning,&#x20;Empowering&#x20;Learners:&#x20;The&#x20;International&#x20;Conference&#x20;of&#x20;the&#x20;Learning&#x20;Sciences&#x20;(ICLS)&#x20;2016,&#x20;Volume&#x20;2.&#x20;Singapore:&#x20;International&#x20;Society&#x20;of&#x20;the&#x20;Learning&#x20;Sciences,&#x20;pp.&#x20;35-43.</dcvalue>
      <dcvalue element="identifier" qualifier="uri">https://doi.dx.org&#x2F;10.22318&#x2F;icls2016.124</dcvalue>
      <dcvalue element="description" qualifier="abstract" language="en_US">The aim of this paper is to describe the design approach developed to analyze the design and consequent activity of learners engaged in an undergraduate environmental science course. The course was taught using the EMBeRS method that emphasizes generation of external representations of mental models to build shared understanding of socio-environmental systems (Pennington et al., 2015). The design approach adopted combined expertise in (1) design research (from Sandoval, 2014) and (2) design for learning (from Carvalho &amp; Goodyear, 2014). Taking a systems view of the design, activity, and learning outcomes, this paper describes the linkages between these and extracts the design conjectures of the instructor and the theoretical conjectures implicit in the EMBeRS approach. In collaboration with the instructor, the use of this approach: identified disconnects between design and theoretical conjectures; linked these disconnects to specific design considerations so that; recommendations for areas of redesign and parallel research were made.</dcvalue>
      <dcvalue element="language" qualifier="iso" language="en_US">en</dcvalue>
      <dcvalue element="publisher" qualifier="none" language="en_US">Singapore:&#x20;International&#x20;Society&#x20;of&#x20;the&#x20;Learning&#x20;Sciences</dcvalue>
      <dcvalue element="title" qualifier="none" language="en_US">A Design Approach to Understanding the Activity of Learners in Interdisciplinary Settings: Environment and Diversity</dcvalue>
      <dcvalue element="type" qualifier="none" language="en_US">Book&#x20;chapter</dcvalue>
      &lt;dc:subject xml:lang="en"&gt;design&lt;/dc:subject&gt;
&lt;dc:subject xml:lang="en"&gt;interdisciplinary problem solving&lt;/dc:subject&gt;
&lt;dc:subject xml:lang="en"&gt;collaboration&lt;/dc:subject&gt;
&lt;dc:subject xml:lang="en"&gt;environmental science&lt;/dc:subject&gt;
    </dublin_core>