<?xml version="1.0" encoding="utf-8" standalone="no"?>
    <dublin_core schema="dc">
    <dcvalue element="contributor" qualifier="author">Tan, Esther</dcvalue>
<dcvalue element="contributor" qualifier="author">So, Hyo-Jeong</dcvalue>
      <dcvalue element="date" qualifier="accessioned">2017-06-19T14:15:51Z</dcvalue>
      <dcvalue element="date" qualifier="available">2017-06-19T14:15:51Z</dcvalue>
      <dcvalue element="date" qualifier="issued">2015-07</dcvalue>
      <dcvalue element="identifier" qualifier="citation" language="en_US">Tan, E. &amp; So, H.&#x20;(2015).&#x20;How Learners Employ Semiotic Resources for Collaborative Meaning-Making in Outdoor Mobile Learning&#x20;In&#x20; Lindwall,&#x20;O.,&#x20;Häkkinen,&#x20;P.,&#x20;Koschman,&#x20;T.&#x20;Tchounikine,&#x20;P.&#x20;&#x20;Ludvigsen,&#x20;S.&#x20;(Eds.)&#x20;(2015).&#x20;Exploring&#x20;the&#x20;Material&#x20;Conditions&#x20;of&#x20;Learning:&#x20;The&#x20;Computer&#x20;Supported&#x20;Collaborative&#x20;Learning&#x20;(CSCL)&#x20;Conference&#x20;2015,&#x20;Volume&#x20;1.&#x20;Gothenburg,&#x20;Sweden:&#x20;The&#x20;International&#x20;Society&#x20;of&#x20;the&#x20;Learning&#x20;Sciences.</dcvalue>
      <dcvalue element="identifier" qualifier="uri">https://doi.dx.org&#x2F;10.22318&#x2F;cscl2015.262</dcvalue>
      <dcvalue element="description" qualifier="abstract" language="en_US">This paper attempts to investigate how learners employ semiotic resources present in the material and physical world to construct and to negotiate shared meanings in an outdoor mobile learning context. We investigate the collaborative meaning-making and interaction process of two groups of 13-year-old students (Grade 7) during an outdoor mobile learning trail exploring the history and geographical features of World War II battle site. Methodologically, we employ video-based interaction analysis, which facilitates a micro-level analysis of human interaction, to understand how learners deploy and assemble the material and social resources available in the outdoor learning context. We surface two noteworthy patterns about a) how learners in small groups leverage semiotic resources to negotiate, repair and converge at shared meaning in changing contextual configurations and b) how prior learning experiences affect the way learners employ semiotic resources. The findings provide helpful insights into the design and implementation of mobile learning activities in outdoor settings. 
</dcvalue>
      <dcvalue element="language" qualifier="iso" language="en_US">en</dcvalue>
      <dcvalue element="publisher" qualifier="none" language="en_US"> International&#x20;Society&#x20;of&#x20;the&#x20;Learning&#x20;Sciences,&#x20;Inc.&#x20;[ISLS].</dcvalue>
      <dcvalue element="title" qualifier="none" language="en_US">How Learners Employ Semiotic Resources for Collaborative Meaning-Making in Outdoor Mobile Learning</dcvalue>
      <dcvalue element="type" qualifier="none" language="en_US">Book&#x20;chapter</dcvalue>
      <dc:subject xml:lang="en">How Learners Employ Semiotic Resources for Collaborative Meaning-Making in Outdoor Mobile Learning</dc:subject>
    </dublin_core>