<?xml version="1.0" encoding="utf-8" standalone="no"?>
    <dublin_core schema="dc">
    <dcvalue element="contributor" qualifier="author">Pande, Prajakt</dcvalue>
<dcvalue element="contributor" qualifier="author">Sevian, Hannah</dcvalue>
      <dcvalue element="date" qualifier="accessioned">2017-06-19T11:35:56Z</dcvalue>
      <dcvalue element="date" qualifier="available">2017-06-19T11:35:56Z</dcvalue>
      <dcvalue element="date" qualifier="issued">2016-07</dcvalue>
      <dcvalue element="identifier" qualifier="citation" language="en_US">Pande, P. &amp; Sevian, H.&#x20;(2016).&#x20;Conceptual Fluency: Switching Between Pre- and Post-Threshold Assumptions of Molecular Dynamics&#x20;In&#x20;Looi,&#x20;C.&#x20;K.,&#x20;Polman,&#x20;J.&#x20;L.,&#x20;Cress,&#x20;U.,&#x20;and&#x20;Reimann,&#x20;P.&#x20;(Eds.).&#x20;Transforming&#x20;Learning,&#x20;Empowering&#x20;Learners:&#x20;The&#x20;International&#x20;Conference&#x20;of&#x20;the&#x20;Learning&#x20;Sciences&#x20;(ICLS)&#x20;2016,&#x20;Volume&#x20;2.&#x20;Singapore:&#x20;International&#x20;Society&#x20;of&#x20;the&#x20;Learning&#x20;Sciences,&#x20;pp.&#x20;35-43.</dcvalue>
      <dcvalue element="identifier" qualifier="uri">https://doi.dx.org&#x2F;10.22318&#x2F;icls2016.131</dcvalue>
      <dcvalue element="description" qualifier="abstract" language="en_US">We present preliminary analysis of chemistry graduate students' and secondary chemistry teachers' assumptions about mechanisms of chemical phenomena, around a set of threshold concepts. Chemistry education literature largely identifies pre-threshold assumptions as naive/alternative conceptions not particularly useful in understanding chemical phenomena. In the context of molecular dynamics, a threshold is considered to exist between thinking deterministically vs. probabilistically. We argue that (a) a deterministic perspective is as useful as a probabilistic one, (b) even experts implicitly exhibit (do not lose) deterministic assumptions, (c) probabilistic mental models are built on top of deterministic models, using multiple instances of the phenomena of interest, and (d) expertise involves willfully switching between pre- and post-threshold assumptions.</dcvalue>
      <dcvalue element="language" qualifier="iso" language="en_US">en</dcvalue>
      <dcvalue element="publisher" qualifier="none" language="en_US">Singapore:&#x20;International&#x20;Society&#x20;of&#x20;the&#x20;Learning&#x20;Sciences</dcvalue>
      <dcvalue element="title" qualifier="none" language="en_US">Conceptual Fluency: Switching Between Pre- and Post-Threshold Assumptions of Molecular Dynamics</dcvalue>
      <dcvalue element="type" qualifier="none" language="en_US">Book&#x20;chapter</dcvalue>
      &lt;dc:subject xml:lang="en"&gt;Conceptual fluency&lt;/dc:subject&gt;
&lt;dc:subject xml:lang="en"&gt;neural networks&lt;/dc:subject&gt;
&lt;dc:subject xml:lang="en"&gt;conceptual change&lt;/dc:subject&gt;
&lt;dc:subject xml:lang="en"&gt;threshold concepts&lt;/dc:subject&gt;
&lt;dc:subject xml:lang="en"&gt;&lt;/dc:subject&gt;
    </dublin_core>