<?xml version="1.0" encoding="utf-8" standalone="no"?>
    <dublin_core schema="dc">
    <dcvalue element="contributor" qualifier="author">Penuel, William</dcvalue>
<dcvalue element="contributor" qualifier="author">Van Horne, Katie</dcvalue>
<dcvalue element="contributor" qualifier="author">Severance, Sam</dcvalue>
<dcvalue element="contributor" qualifier="author">Quigley, David</dcvalue>
<dcvalue element="contributor" qualifier="author">Sumner, Tamara</dcvalue>
      <dcvalue element="date" qualifier="accessioned">2017-06-19T11:35:43Z</dcvalue>
      <dcvalue element="date" qualifier="available">2017-06-19T11:35:43Z</dcvalue>
      <dcvalue element="date" qualifier="issued">2016-07</dcvalue>
      <dcvalue element="identifier" qualifier="citation" language="en_US">Penuel, W., Van Horne, K., Severance, S., Quigley, D., &amp; Sumner, T.&#x20;(2016).&#x20;Students’ Responses to Curricular Activities as Indicator of Coherence in Project-Based Science&#x20;In&#x20;Looi,&#x20;C.&#x20;K.,&#x20;Polman,&#x20;J.&#x20;L.,&#x20;Cress,&#x20;U.,&#x20;and&#x20;Reimann,&#x20;P.&#x20;(Eds.).&#x20;Transforming&#x20;Learning,&#x20;Empowering&#x20;Learners:&#x20;The&#x20;International&#x20;Conference&#x20;of&#x20;the&#x20;Learning&#x20;Sciences&#x20;(ICLS)&#x20;2016,&#x20;Volume&#x20;2.&#x20;Singapore:&#x20;International&#x20;Society&#x20;of&#x20;the&#x20;Learning&#x20;Sciences,&#x20;pp.&#x20;35-43.</dcvalue>
      <dcvalue element="identifier" qualifier="uri">https://doi.dx.org&#x2F;10.22318&#x2F;icls2016.120</dcvalue>
      <dcvalue element="description" qualifier="abstract" language="en_US">Project-based learning seeks to engage students through sustained investigation of real-world problems or design challenges. Weekly mini-surveys were administered to students during an 8-week project-based learning unit to understand students’ perceptions of alignment of lessons to the overall challenge, their affective responses to lessons, and how these varied across lesson types and teachers. Results from a multilevel model revealed significant teacher level variance; no differences across lesson types were found. </dcvalue>
      <dcvalue element="language" qualifier="iso" language="en_US">en</dcvalue>
      <dcvalue element="publisher" qualifier="none" language="en_US">Singapore:&#x20;International&#x20;Society&#x20;of&#x20;the&#x20;Learning&#x20;Sciences</dcvalue>
      <dcvalue element="title" qualifier="none" language="en_US">Students’ Responses to Curricular Activities as Indicator of Coherence in Project-Based Science</dcvalue>
      <dcvalue element="type" qualifier="none" language="en_US">Book&#x20;chapter</dcvalue>
      &lt;dc:subject xml:lang="en"&gt;project-based learning&lt;/dc:subject&gt;
&lt;dc:subject xml:lang="en"&gt;science&lt;/dc:subject&gt;
&lt;dc:subject xml:lang="en"&gt;practical measurement&lt;/dc:subject&gt;
&lt;dc:subject xml:lang="en"&gt;coherence&lt;/dc:subject&gt;
&lt;dc:subject xml:lang="en"&gt;student affect&lt;/dc:subject&gt;
    </dublin_core>