<?xml version="1.0" encoding="utf-8" standalone="no"?>
    <dublin_core schema="dc">
    <dcvalue element="contributor" qualifier="author">Gnesdilow, Dana</dcvalue>
<dcvalue element="contributor" qualifier="author">Fathema, Nafsaniath</dcvalue>
<dcvalue element="contributor" qualifier="author">Lin, Feng</dcvalue>
<dcvalue element="contributor" qualifier="author">Kang, Seokmin</dcvalue>
<dcvalue element="contributor" qualifier="author">Dornfeld, Catherine</dcvalue>
<dcvalue element="contributor" qualifier="author">Puntambekar, Sadhana</dcvalue>
      <dcvalue element="date" qualifier="accessioned">2017-06-19T11:36:11Z</dcvalue>
      <dcvalue element="date" qualifier="available">2017-06-19T11:36:11Z</dcvalue>
      <dcvalue element="date" qualifier="issued">2016-07</dcvalue>
      <dcvalue element="identifier" qualifier="citation" language="en_US">Gnesdilow, D., Fathema, N., Lin, F., Kang, S., Dornfeld, C., &amp; Puntambekar, S.&#x20;(2016).&#x20;Exploring Middle School Students’ Science Learning and Discourse in Physical and Virtual Labs&#x20;In&#x20;Looi,&#x20;C.&#x20;K.,&#x20;Polman,&#x20;J.&#x20;L.,&#x20;Cress,&#x20;U.,&#x20;and&#x20;Reimann,&#x20;P.&#x20;(Eds.).&#x20;Transforming&#x20;Learning,&#x20;Empowering&#x20;Learners:&#x20;The&#x20;International&#x20;Conference&#x20;of&#x20;the&#x20;Learning&#x20;Sciences&#x20;(ICLS)&#x20;2016,&#x20;Volume&#x20;2.&#x20;Singapore:&#x20;International&#x20;Society&#x20;of&#x20;the&#x20;Learning&#x20;Sciences,&#x20;pp.&#x20;35-43.</dcvalue>
      <dcvalue element="identifier" qualifier="uri">https://doi.dx.org&#x2F;10.22318&#x2F;icls2016.144</dcvalue>
      <dcvalue element="description" qualifier="abstract" language="en_US">This study compared middle school students’ science learning and discourse patterns in physical and virtual labs. Students in virtual labs had significantly higher learning gains than students in the physical labs on a pre and post-test content knowledge test. To understand the difference in learning gains, we analyzed the discourse of the students and teacher as they worked in groups during the labs. We found three main categories of discourse: conceptual talk, task-based talk, and teacher scaffolding. Our analysis of discourse showed that students in the virtual group engaged in more conceptual talk than the physical group, while the physical group had more task-based talk. We also found the teacher provided more conceptual scaffolding during virtual labs than physical labs.  \ </dcvalue>
      <dcvalue element="language" qualifier="iso" language="en_US">en</dcvalue>
      <dcvalue element="publisher" qualifier="none" language="en_US">Singapore:&#x20;International&#x20;Society&#x20;of&#x20;the&#x20;Learning&#x20;Sciences</dcvalue>
      <dcvalue element="title" qualifier="none" language="en_US">Exploring Middle School Students’ Science Learning and Discourse in Physical and Virtual Labs</dcvalue>
      <dcvalue element="type" qualifier="none" language="en_US">Book&#x20;chapter</dcvalue>
      &lt;dc:subject xml:lang="en"&gt;Virtual Experimentation&lt;/dc:subject&gt;
&lt;dc:subject xml:lang="en"&gt;Physical Experimentation&lt;/dc:subject&gt;
&lt;dc:subject xml:lang="en"&gt;Science Learning&lt;/dc:subject&gt;
    </dublin_core>