<?xml version="1.0" encoding="utf-8" standalone="no"?>
    <dublin_core schema="dc">
    <dcvalue element="contributor" qualifier="author">Kabayadondo, Zaza</dcvalue>
      <dcvalue element="date" qualifier="accessioned">2017-06-19T11:35:35Z</dcvalue>
      <dcvalue element="date" qualifier="available">2017-06-19T11:35:35Z</dcvalue>
      <dcvalue element="date" qualifier="issued">2016-07</dcvalue>
      <dcvalue element="identifier" qualifier="citation" language="en_US">Kabayadondo, Z.&#x20;(2016).&#x20;Designing Technology for Learning: How to Get from Disenfranchisement to Disinheritance and Why We Need to Go There&#x20;In&#x20;Looi,&#x20;C.&#x20;K.,&#x20;Polman,&#x20;J.&#x20;L.,&#x20;Cress,&#x20;U.,&#x20;and&#x20;Reimann,&#x20;P.&#x20;(Eds.).&#x20;Transforming&#x20;Learning,&#x20;Empowering&#x20;Learners:&#x20;The&#x20;International&#x20;Conference&#x20;of&#x20;the&#x20;Learning&#x20;Sciences&#x20;(ICLS)&#x20;2016,&#x20;Volume&#x20;2.&#x20;Singapore:&#x20;International&#x20;Society&#x20;of&#x20;the&#x20;Learning&#x20;Sciences,&#x20;pp.&#x20;35-43.</dcvalue>
      <dcvalue element="identifier" qualifier="uri">https://doi.dx.org&#x2F;10.22318&#x2F;icls2016.113</dcvalue>
      <dcvalue element="description" qualifier="abstract" language="en_US">This paper describes ruptures in design practice and designed products that manifest as an experience of design that I call disinheritance. Disinheritance is the relationship a learner has to a designed tool or environment that makes the learner perceive it as not designed for them, not belonging to them. Disinheritance offers new ways of combining design-based interventions with ethnography about design in a “marginalized” part of the world, and is necessarily also concerned with economics, politics and how they shape design on a global scale. Building on Vygotsky’s cultural heritage and Marx’s alienation, the theory of disinheritance sets a new programmatic agenda for learning sciences research.</dcvalue>
      <dcvalue element="language" qualifier="iso" language="en_US">en</dcvalue>
      <dcvalue element="publisher" qualifier="none" language="en_US">Singapore:&#x20;International&#x20;Society&#x20;of&#x20;the&#x20;Learning&#x20;Sciences</dcvalue>
      <dcvalue element="title" qualifier="none" language="en_US">Designing Technology for Learning: How to Get from Disenfranchisement to Disinheritance and Why We Need to Go There</dcvalue>
      <dcvalue element="type" qualifier="none" language="en_US">Book&#x20;chapter</dcvalue>
      &lt;dc:subject xml:lang="en"&gt;cultural heritage&lt;/dc:subject&gt;
&lt;dc:subject xml:lang="en"&gt;design thinking&lt;/dc:subject&gt;
&lt;dc:subject xml:lang="en"&gt;marginalization&lt;/dc:subject&gt;
&lt;dc:subject xml:lang="en"&gt;situated cognition&lt;/dc:subject&gt;
    </dublin_core>