<?xml version="1.0" encoding="utf-8" standalone="no"?>
    <dublin_core schema="dc">
    <dcvalue element="contributor" qualifier="author">Splichal, Jin MIchael</dcvalue>
<dcvalue element="contributor" qualifier="author">Oshima, Jun</dcvalue>
<dcvalue element="contributor" qualifier="author">Oshima, Ritsuko</dcvalue>
      <dcvalue element="date" qualifier="accessioned">2017-06-19T11:35:36Z</dcvalue>
      <dcvalue element="date" qualifier="available">2017-06-19T11:35:36Z</dcvalue>
      <dcvalue element="date" qualifier="issued">2016-07</dcvalue>
      <dcvalue element="identifier" qualifier="citation" language="en_US">Splichal, J. M., Oshima, J., &amp; Oshima, R.&#x20;(2016).&#x20;Learning Environments to Facilitate Students' Regulation in Knowledge Building&#x20;In&#x20;Looi,&#x20;C.&#x20;K.,&#x20;Polman,&#x20;J.&#x20;L.,&#x20;Cress,&#x20;U.,&#x20;and&#x20;Reimann,&#x20;P.&#x20;(Eds.).&#x20;Transforming&#x20;Learning,&#x20;Empowering&#x20;Learners:&#x20;The&#x20;International&#x20;Conference&#x20;of&#x20;the&#x20;Learning&#x20;Sciences&#x20;(ICLS)&#x20;2016,&#x20;Volume&#x20;2.&#x20;Singapore:&#x20;International&#x20;Society&#x20;of&#x20;the&#x20;Learning&#x20;Sciences,&#x20;pp.&#x20;35-43.</dcvalue>
      <dcvalue element="identifier" qualifier="uri">https://doi.dx.org&#x2F;10.22318&#x2F;icls2016.114</dcvalue>
      <dcvalue element="description" qualifier="abstract" language="en_US">We designed a project-based learning environment with Knowledge Forum to facilitate students’ regulation of collaboration and examined how they developed regulation scripts through their experience. Jigsaw activity structure was implemented in the PBL design as a macro script. In addition, micro-scripts were provided for students to reflect on their group work and individual contribution in KF notes. A clustering analysis of students’ regulation scripts revealed that they developed scripts through a variety of trajectories. Further case studies suggested: (1) that students develop their scripts when they recognized meaningful challenges, (2) that they construct scripts of socially shared regulation when they recognize epistemic challenge whereas they do co-regulation scripts when they recognize socio-emotional challenge.</dcvalue>
      <dcvalue element="language" qualifier="iso" language="en_US">en</dcvalue>
      <dcvalue element="publisher" qualifier="none" language="en_US">Singapore:&#x20;International&#x20;Society&#x20;of&#x20;the&#x20;Learning&#x20;Sciences</dcvalue>
      <dcvalue element="title" qualifier="none" language="en_US">Learning Environments to Facilitate Students' Regulation in Knowledge Building</dcvalue>
      <dcvalue element="type" qualifier="none" language="en_US">Book&#x20;chapter</dcvalue>
      &lt;dc:subject xml:lang="en"&gt;scripts&lt;/dc:subject&gt;
&lt;dc:subject xml:lang="en"&gt;regulation of collaborative learning&lt;/dc:subject&gt;
&lt;dc:subject xml:lang="en"&gt;epistemic challenge&lt;/dc:subject&gt;
&lt;dc:subject xml:lang="en"&gt;socio-emotional challenge&lt;/dc:subject&gt;
    </dublin_core>