<?xml version="1.0" encoding="utf-8" standalone="no"?>
    <dublin_core schema="dc">
    <dcvalue element="contributor" qualifier="author">Lam, Rachel</dcvalue>
<dcvalue element="contributor" qualifier="author">Low, Michelle</dcvalue>
      <dcvalue element="date" qualifier="accessioned">2017-06-19T11:35:57Z</dcvalue>
      <dcvalue element="date" qualifier="available">2017-06-19T11:35:57Z</dcvalue>
      <dcvalue element="date" qualifier="issued">2016-07</dcvalue>
      <dcvalue element="identifier" qualifier="citation" language="en_US">Lam, R. &amp; Low, M.&#x20;(2016).&#x20;Let Kids Solve Wicked Problems... Why Not?!&#x20;In&#x20;Looi,&#x20;C.&#x20;K.,&#x20;Polman,&#x20;J.&#x20;L.,&#x20;Cress,&#x20;U.,&#x20;and&#x20;Reimann,&#x20;P.&#x20;(Eds.).&#x20;Transforming&#x20;Learning,&#x20;Empowering&#x20;Learners:&#x20;The&#x20;International&#x20;Conference&#x20;of&#x20;the&#x20;Learning&#x20;Sciences&#x20;(ICLS)&#x20;2016,&#x20;Volume&#x20;2.&#x20;Singapore:&#x20;International&#x20;Society&#x20;of&#x20;the&#x20;Learning&#x20;Sciences,&#x20;pp.&#x20;35-43.</dcvalue>
      <dcvalue element="identifier" qualifier="uri">https://doi.dx.org&#x2F;10.22318&#x2F;icls2016.132</dcvalue>
      <dcvalue element="description" qualifier="abstract" language="en_US">We describe the first iteration of design experiments that aim to assess an instructional framework we call Preparation for Future Collaboration, which consists of three main phases of learning activity: 1) individual cognitive preparation in the content to-be-learned, 2) discussion/collaboration of ideas generated during preparation, and 3) direct instruction. We conducted an experimental study in situ in three fourth-grade classes in a public school in Singapore, manipulating the way that students prepared for a collaborative activity in a topic in environmental education. Future analyses will include using measures of student artifacts to assess the effectiveness of different forms of preparation on both the process of learning and post-activity outcomes. In this paper, we share two cases to illustrate student ability to generate solutions to a wicked problem. </dcvalue>
      <dcvalue element="language" qualifier="iso" language="en_US">en</dcvalue>
      <dcvalue element="publisher" qualifier="none" language="en_US">Singapore:&#x20;International&#x20;Society&#x20;of&#x20;the&#x20;Learning&#x20;Sciences</dcvalue>
      <dcvalue element="title" qualifier="none" language="en_US">Let Kids Solve Wicked Problems... Why Not?!</dcvalue>
      <dcvalue element="type" qualifier="none" language="en_US">Book&#x20;chapter</dcvalue>
      &lt;dc:subject xml:lang="en"&gt;preparation for collaboration&lt;/dc:subject&gt;
&lt;dc:subject xml:lang="en"&gt;collaborative learning&lt;/dc:subject&gt;
&lt;dc:subject xml:lang="en"&gt;complex problem solving&lt;/dc:subject&gt;
    </dublin_core>