<?xml version="1.0" encoding="utf-8" standalone="no"?>
    <dublin_core schema="dc">
    <dcvalue element="contributor" qualifier="author">Cai, Qijie</dcvalue>
<dcvalue element="contributor" qualifier="author">Wu, Han</dcvalue>
<dcvalue element="contributor" qualifier="author">Chen, Bodong</dcvalue>
      <dcvalue element="date" qualifier="accessioned">2017-06-19T11:35:25Z</dcvalue>
      <dcvalue element="date" qualifier="available">2017-06-19T11:35:25Z</dcvalue>
      <dcvalue element="date" qualifier="issued">2016-07</dcvalue>
      <dcvalue element="identifier" qualifier="citation" language="en_US">Cai, Q., Wu, H., &amp; Chen, B.&#x20;(2016).&#x20;Using Differentiated Feedback Messages to Promote Student Learning in an Introductory Statistics Course&#x20;In&#x20;Looi,&#x20;C.&#x20;K.,&#x20;Polman,&#x20;J.&#x20;L.,&#x20;Cress,&#x20;U.,&#x20;and&#x20;Reimann,&#x20;P.&#x20;(Eds.).&#x20;Transforming&#x20;Learning,&#x20;Empowering&#x20;Learners:&#x20;The&#x20;International&#x20;Conference&#x20;of&#x20;the&#x20;Learning&#x20;Sciences&#x20;(ICLS)&#x20;2016,&#x20;Volume&#x20;2.&#x20;Singapore:&#x20;International&#x20;Society&#x20;of&#x20;the&#x20;Learning&#x20;Sciences,&#x20;pp.&#x20;35-43.</dcvalue>
      <dcvalue element="identifier" qualifier="uri">https://doi.dx.org&#x2F;10.22318&#x2F;icls2016.105</dcvalue>
      <dcvalue element="description" qualifier="abstract" language="en_US">In light of the regulatory focus (RF) theory, an intervention was designed to promote student learning through differentiated feedback and then implemented in an undergraduate statistics course. Sixty-seven students were randomly assigned to receive the feedback that either fit or did not fit their RF. Results revealed a significant interaction between an individual’s RF and the type of feedback received after controlling for the student’s prior achievement. In particular, the students demonstrated better performance when receiving the fit feedback than the non-fit feedback. Further analysis of different performing groups showed that this identified interaction was significant only for the middle performing students, but not for the lower or higher performing groups. The findings suggested that the student’s RF may moderate the impact of feedback on students’ statistics performance, and this moderation pans out differently depending on the student’s previous achievement. </dcvalue>
      <dcvalue element="language" qualifier="iso" language="en_US">en</dcvalue>
      <dcvalue element="publisher" qualifier="none" language="en_US">Singapore:&#x20;International&#x20;Society&#x20;of&#x20;the&#x20;Learning&#x20;Sciences</dcvalue>
      <dcvalue element="title" qualifier="none" language="en_US">Using Differentiated Feedback Messages to Promote Student Learning in an Introductory Statistics Course</dcvalue>
      <dcvalue element="type" qualifier="none" language="en_US">Book&#x20;chapter</dcvalue>
      &lt;dc:subject xml:lang="en"&gt;regulatory focus&lt;/dc:subject&gt;
&lt;dc:subject xml:lang="en"&gt;feedback design&lt;/dc:subject&gt;
&lt;dc:subject xml:lang="en"&gt;undergraduate education&lt;/dc:subject&gt;
&lt;dc:subject xml:lang="en"&gt;statistics learning&lt;/dc:subject&gt;
    </dublin_core>