<?xml version="1.0" encoding="utf-8" standalone="no"?>
    <dublin_core schema="dc">
    <dcvalue element="contributor" qualifier="author">Mazziotti, Claudia</dcvalue>
<dcvalue element="contributor" qualifier="author">Rummel, Nikol</dcvalue>
<dcvalue element="contributor" qualifier="author">Deiglmayr, Anne</dcvalue>
      <dcvalue element="date" qualifier="accessioned">2017-06-19T11:36:04Z</dcvalue>
      <dcvalue element="date" qualifier="available">2017-06-19T11:36:04Z</dcvalue>
      <dcvalue element="date" qualifier="issued">2016-07</dcvalue>
      <dcvalue element="identifier" qualifier="citation" language="en_US">Mazziotti, C., Rummel, N., &amp; Deiglmayr, A.&#x20;(2016).&#x20;Comparing Students’ Solutions When Learning Collaboratively or Individually Within Productive Failure&#x20;In&#x20;Looi,&#x20;C.&#x20;K.,&#x20;Polman,&#x20;J.&#x20;L.,&#x20;Cress,&#x20;U.,&#x20;and&#x20;Reimann,&#x20;P.&#x20;(Eds.).&#x20;Transforming&#x20;Learning,&#x20;Empowering&#x20;Learners:&#x20;The&#x20;International&#x20;Conference&#x20;of&#x20;the&#x20;Learning&#x20;Sciences&#x20;(ICLS)&#x20;2016,&#x20;Volume&#x20;2.&#x20;Singapore:&#x20;International&#x20;Society&#x20;of&#x20;the&#x20;Learning&#x20;Sciences,&#x20;pp.&#x20;35-43.</dcvalue>
      <dcvalue element="identifier" qualifier="uri">https://doi.dx.org&#x2F;10.22318&#x2F;icls2016.138</dcvalue>
      <dcvalue element="description" qualifier="abstract" language="en_US">In this article we focus on evaluating student solutions generated during the initial problem-solving phase of a Productive Failure study, where problem solving precedes instruction. In particular, we investigated whether collaboratively learning students came up with more solution ideas and generated qualitatively better solutions than individually learning students. Although descriptively the collaboratively learning students outperformed individually learning students with regard to both the quantity of solution ideas and the quality of solutions, we were unable to establish statistically significant differences. Moreover, we did not find correlations between students’ solutions and their learning outcome. Possible reasons for the missing link are discussed. The analyses reported in this paper are based on yet unpublished data from a study by Mazziotti, Loibl &amp; Rummel (2015). </dcvalue>
      <dcvalue element="language" qualifier="iso" language="en_US">en</dcvalue>
      <dcvalue element="publisher" qualifier="none" language="en_US">Singapore:&#x20;International&#x20;Society&#x20;of&#x20;the&#x20;Learning&#x20;Sciences</dcvalue>
      <dcvalue element="title" qualifier="none" language="en_US">Comparing Students’ Solutions When Learning Collaboratively or Individually Within Productive Failure</dcvalue>
      <dcvalue element="type" qualifier="none" language="en_US">Book&#x20;chapter</dcvalue>
      &lt;dc:subject xml:lang="en"&gt;students’ solutions&lt;/dc:subject&gt;
&lt;dc:subject xml:lang="en"&gt;collaborative learning&lt;/dc:subject&gt;
&lt;dc:subject xml:lang="en"&gt;Productive Failure&lt;/dc:subject&gt;
    </dublin_core>