<?xml version="1.0" encoding="utf-8" standalone="no"?>
    <dublin_core schema="dc">
    <dcvalue element="contributor" qualifier="author">Liu, Shiyu</dcvalue>
      <dcvalue element="date" qualifier="accessioned">2017-06-19T11:35:59Z</dcvalue>
      <dcvalue element="date" qualifier="available">2017-06-19T11:35:59Z</dcvalue>
      <dcvalue element="date" qualifier="issued">2016-07</dcvalue>
      <dcvalue element="identifier" qualifier="citation" language="en_US">Liu, S.&#x20;(2016).&#x20;Learning to Argue: The Role of Peer Assessment&#x20;In&#x20;Looi,&#x20;C.&#x20;K.,&#x20;Polman,&#x20;J.&#x20;L.,&#x20;Cress,&#x20;U.,&#x20;and&#x20;Reimann,&#x20;P.&#x20;(Eds.).&#x20;Transforming&#x20;Learning,&#x20;Empowering&#x20;Learners:&#x20;The&#x20;International&#x20;Conference&#x20;of&#x20;the&#x20;Learning&#x20;Sciences&#x20;(ICLS)&#x20;2016,&#x20;Volume&#x20;2.&#x20;Singapore:&#x20;International&#x20;Society&#x20;of&#x20;the&#x20;Learning&#x20;Sciences,&#x20;pp.&#x20;35-43.</dcvalue>
      <dcvalue element="identifier" qualifier="uri">https://doi.dx.org&#x2F;10.22318&#x2F;icls2016.134</dcvalue>
      <dcvalue element="description" qualifier="abstract" language="en_US">The present study explored how peer assessment may influence the development of students’ skills in constructing written arguments. Twenty-two college freshmen participated in this qualitative research to provide feedback on their peer’s written arguments about popular psychology topics. Constant comparative analysis of multiple data sources revealed three main categories of feedback that students provided: cognition-based, metacognition-based, and affection-based. While receiving cognition-based feedback had the most impacts on how students would later evaluate others’ work, those who had previously provided metacognition-based feedback were more likely to make observed progress in constructing arguments. This work adds to our understanding about the complex nature of peer assessment and proposes a potentially effective approach to facilitate students’ skills in written argumentation.</dcvalue>
      <dcvalue element="language" qualifier="iso" language="en_US">en</dcvalue>
      <dcvalue element="publisher" qualifier="none" language="en_US">Singapore:&#x20;International&#x20;Society&#x20;of&#x20;the&#x20;Learning&#x20;Sciences</dcvalue>
      <dcvalue element="title" qualifier="none" language="en_US">Learning to Argue: The Role of Peer Assessment</dcvalue>
      <dcvalue element="type" qualifier="none" language="en_US">Book&#x20;chapter</dcvalue>
      &lt;dc:subject xml:lang="en"&gt;peer assessment&lt;/dc:subject&gt;
&lt;dc:subject xml:lang="en"&gt;argumentation&lt;/dc:subject&gt;
&lt;dc:subject xml:lang="en"&gt;feedback&lt;/dc:subject&gt;
    </dublin_core>