<?xml version="1.0" encoding="utf-8" standalone="no"?>
    <dublin_core schema="dc">
    <dcvalue element="contributor" qualifier="author">Clarke, Sherice</dcvalue>
<dcvalue element="contributor" qualifier="author">Gerritsen, David</dcvalue>
<dcvalue element="contributor" qualifier="author">Grainger, Rebecca</dcvalue>
<dcvalue element="contributor" qualifier="author">Ogan, Amy</dcvalue>
      <dcvalue element="date" qualifier="accessioned">2017-06-19T11:36:24Z</dcvalue>
      <dcvalue element="date" qualifier="available">2017-06-19T11:36:24Z</dcvalue>
      <dcvalue element="date" qualifier="issued">2016-07</dcvalue>
      <dcvalue element="identifier" qualifier="citation" language="en_US">Clarke, S., Gerritsen, D., Grainger, R., &amp; Ogan, A.&#x20;(2016).&#x20;Uncovering Teachers’ Pedagogical Reasoning in Science Discussions&#x20;In&#x20;Looi,&#x20;C.&#x20;K.,&#x20;Polman,&#x20;J.&#x20;L.,&#x20;Cress,&#x20;U.,&#x20;and&#x20;Reimann,&#x20;P.&#x20;(Eds.).&#x20;Transforming&#x20;Learning,&#x20;Empowering&#x20;Learners:&#x20;The&#x20;International&#x20;Conference&#x20;of&#x20;the&#x20;Learning&#x20;Sciences&#x20;(ICLS)&#x20;2016,&#x20;Volume&#x20;2.&#x20;Singapore:&#x20;International&#x20;Society&#x20;of&#x20;the&#x20;Learning&#x20;Sciences,&#x20;pp.&#x20;35-43.</dcvalue>
      <dcvalue element="identifier" qualifier="uri">https://doi.dx.org&#x2F;10.22318&#x2F;icls2016.155</dcvalue>
      <dcvalue element="description" qualifier="abstract" language="en_US">We report on research in progress that examines how teachers reason about and make pedagogical decisions in the context of science discussions. We developed and administered a high-fidelity multimedia survey instrument populated with segments of class discussions and   open-ended questions to expose 1) teachers’ reasoning about student thinking in science discussions and 2) what pedagogical moves they would make in light of their reasoning to advance the discussion.  The findings show distinct qualitative differences in the way novice and more experienced teachers see dialogic and conceptual processes in science discussions. They help to identify places where teachers may need support in developing their pedagogical reasoning in science discussion.</dcvalue>
      <dcvalue element="language" qualifier="iso" language="en_US">en</dcvalue>
      <dcvalue element="publisher" qualifier="none" language="en_US">Singapore:&#x20;International&#x20;Society&#x20;of&#x20;the&#x20;Learning&#x20;Sciences</dcvalue>
      <dcvalue element="title" qualifier="none" language="en_US">Uncovering Teachers’ Pedagogical Reasoning in Science Discussions</dcvalue>
      <dcvalue element="type" qualifier="none" language="en_US">Book&#x20;chapter</dcvalue>
      &lt;dc:subject xml:lang="en"&gt;pedagogical reasoning&lt;/dc:subject&gt;
&lt;dc:subject xml:lang="en"&gt;science education&lt;/dc:subject&gt;
&lt;dc:subject xml:lang="en"&gt;classroom discourse&lt;/dc:subject&gt;
&lt;dc:subject xml:lang="en"&gt;teaching&lt;/dc:subject&gt;
    </dublin_core>