<?xml version="1.0" encoding="utf-8" standalone="no"?>
    <dublin_core schema="dc">
    <dcvalue element="contributor" qualifier="author">Wang, Qiyun</dcvalue>
<dcvalue element="contributor" qualifier="author">Quek, Choon Lang</dcvalue>
      <dcvalue element="date" qualifier="accessioned">2017-06-19T14:15:51Z</dcvalue>
      <dcvalue element="date" qualifier="available">2017-06-19T14:15:51Z</dcvalue>
      <dcvalue element="date" qualifier="issued">2015-07</dcvalue>
      <dcvalue element="identifier" qualifier="citation" language="en_US">Wang, Q. &amp; Quek, C. L.&#x20;(2015).&#x20;Investigating Collaborative Reflection with Peers in an Online Learning Environment&#x20;In&#x20; Lindwall,&#x20;O.,&#x20;Häkkinen,&#x20;P.,&#x20;Koschman,&#x20;T.&#x20;Tchounikine,&#x20;P.&#x20;&#x20;Ludvigsen,&#x20;S.&#x20;(Eds.)&#x20;(2015).&#x20;Exploring&#x20;the&#x20;Material&#x20;Conditions&#x20;of&#x20;Learning:&#x20;The&#x20;Computer&#x20;Supported&#x20;Collaborative&#x20;Learning&#x20;(CSCL)&#x20;Conference&#x20;2015,&#x20;Volume&#x20;1.&#x20;Gothenburg,&#x20;Sweden:&#x20;The&#x20;International&#x20;Society&#x20;of&#x20;the&#x20;Learning&#x20;Sciences.</dcvalue>
      <dcvalue element="identifier" qualifier="uri">https://doi.dx.org&#x2F;10.22318&#x2F;cscl2015.222</dcvalue>
      <dcvalue element="description" qualifier="abstract" language="en_US">In this study, a group of 22 vocational school teachers wrote weekly reflections in an online learning environment after attending a lesson. They also read the reflections written by others and gave comments. The purpose of this study was to find out how they reflected collaboratively in the online learning environment and what they learned from the collaborative reflection process. Results show that they could reflect on the lesson content and link it to their teaching practice. Also, their peers could get additional perspectives, negotiate meaning, and learn how to reflect better from the reflection shared. Furthermore, they could also gain additional knowledge and emotional support from their peers’ comments. This paper describes the design of the study, and the themes that emerged from the reflection, comments, and responses. Benefits of writing collaborative reflection with peers in an online learning environment and issues involved in the study are discussed.
</dcvalue>
      <dcvalue element="language" qualifier="iso" language="en_US">en</dcvalue>
      <dcvalue element="publisher" qualifier="none" language="en_US"> International&#x20;Society&#x20;of&#x20;the&#x20;Learning&#x20;Sciences,&#x20;Inc.&#x20;[ISLS].</dcvalue>
      <dcvalue element="title" qualifier="none" language="en_US">Investigating Collaborative Reflection with Peers in an Online Learning Environment</dcvalue>
      <dcvalue element="type" qualifier="none" language="en_US">Book&#x20;chapter</dcvalue>
      <dc:subject xml:lang="en">Investigating Collaborative Reflection with Peers in an Online Learning Environment</dc:subject>
<dc:subject xml:lang="en">collaborative reflection</dc:subject>
<dc:subject xml:lang="en">Edmodo</dc:subject>
<dc:subject xml:lang="en">individual reflection</dc:subject>
<dc:subject xml:lang="en">online reflection</dc:subject>
    </dublin_core>