<?xml version="1.0" encoding="utf-8" standalone="no"?>
    <dublin_core schema="dc">
    <dcvalue element="contributor" qualifier="author">Halls, Jonathan</dcvalue>
<dcvalue element="contributor" qualifier="author">Ainsworth, Shaaron</dcvalue>
<dcvalue element="contributor" qualifier="author">Oliver, Mary</dcvalue>
      <dcvalue element="date" qualifier="accessioned">2017-06-19T11:35:19Z</dcvalue>
      <dcvalue element="date" qualifier="available">2017-06-19T11:35:19Z</dcvalue>
      <dcvalue element="date" qualifier="issued">2016-07</dcvalue>
      <dcvalue element="identifier" qualifier="citation" language="en_US">Halls, J., Ainsworth, S., &amp; Oliver, M.&#x20;(2016).&#x20;The Influence of Question Wording on Children’s Tendencies to Provide Teleological Explanations for Natural Phenomena&#x20;In&#x20;Looi,&#x20;C.&#x20;K.,&#x20;Polman,&#x20;J.&#x20;L.,&#x20;Cress,&#x20;U.,&#x20;and&#x20;Reimann,&#x20;P.&#x20;(Eds.).&#x20;Transforming&#x20;Learning,&#x20;Empowering&#x20;Learners:&#x20;The&#x20;International&#x20;Conference&#x20;of&#x20;the&#x20;Learning&#x20;Sciences&#x20;(ICLS)&#x20;2016,&#x20;Volume&#x20;2.&#x20;Singapore:&#x20;International&#x20;Society&#x20;of&#x20;the&#x20;Learning&#x20;Sciences,&#x20;pp.&#x20;35-43.</dcvalue>
      <dcvalue element="identifier" qualifier="uri">https://doi.dx.org&#x2F;10.22318&#x2F;icls2016.100</dcvalue>
      <dcvalue element="description" qualifier="abstract" language="en_US">Abstract: Young children often provide teleological explanations for Entities and Phenomena in the natural world; stating, for example, that snow is for making snowmen or nighttime is for going to sleep. However, research supporting this stance has employed questions that could be considered to be teleologically-leading, suggesting a partially inaccurate view of children's tendency to provide teleological explanations. This paper compares a teleologically-leading treatment (what is X for?) with an open-treatment (why is there X?), finding that the leading-treatment resulted in significantly more teleological explanations that the open-treatment. This suggests children's proposed bias to provide teleological rationales about the natural world may be being overestimated. </dcvalue>
      <dcvalue element="language" qualifier="iso" language="en_US">en</dcvalue>
      <dcvalue element="publisher" qualifier="none" language="en_US">Singapore:&#x20;International&#x20;Society&#x20;of&#x20;the&#x20;Learning&#x20;Sciences</dcvalue>
      <dcvalue element="title" qualifier="none" language="en_US">The Influence of Question Wording on Children’s Tendencies to Provide Teleological Explanations for Natural Phenomena</dcvalue>
      <dcvalue element="type" qualifier="none" language="en_US">Book&#x20;chapter</dcvalue>
      &lt;dc:subject xml:lang="en"&gt;natural phenomena&lt;/dc:subject&gt;
&lt;dc:subject xml:lang="en"&gt;science education&lt;/dc:subject&gt;
&lt;dc:subject xml:lang="en"&gt;teleological reasoning&lt;/dc:subject&gt;
&lt;dc:subject xml:lang="en"&gt;young children&lt;/dc:subject&gt;
    </dublin_core>