<?xml version="1.0" encoding="utf-8" standalone="no"?>
    <dublin_core schema="dc">
    <dcvalue element="contributor" qualifier="author">Çakır, Murat Perit</dcvalue>
<dcvalue element="contributor" qualifier="author">Stahl, Gerry</dcvalue>
      <dcvalue element="date" qualifier="accessioned">2017-06-19T14:15:51Z</dcvalue>
      <dcvalue element="date" qualifier="available">2017-06-19T14:15:51Z</dcvalue>
      <dcvalue element="date" qualifier="issued">2015-07</dcvalue>
      <dcvalue element="identifier" qualifier="citation" language="en_US">Çakır, M. P. &amp; Stahl, G.&#x20;(2015).&#x20;Dragging as a Referential Resource for Mathematical Meaning Making in a Collaborative Dynamic-Geometry Environment&#x20;In&#x20; Lindwall,&#x20;O.,&#x20;Häkkinen,&#x20;P.,&#x20;Koschman,&#x20;T.&#x20;Tchounikine,&#x20;P.&#x20;&#x20;Ludvigsen,&#x20;S.&#x20;(Eds.)&#x20;(2015).&#x20;Exploring&#x20;the&#x20;Material&#x20;Conditions&#x20;of&#x20;Learning:&#x20;The&#x20;Computer&#x20;Supported&#x20;Collaborative&#x20;Learning&#x20;(CSCL)&#x20;Conference&#x20;2015,&#x20;Volume&#x20;1.&#x20;Gothenburg,&#x20;Sweden:&#x20;The&#x20;International&#x20;Society&#x20;of&#x20;the&#x20;Learning&#x20;Sciences.</dcvalue>
      <dcvalue element="identifier" qualifier="uri">https://doi.dx.org&#x2F;10.22318&#x2F;cscl2015.217</dcvalue>
      <dcvalue element="description" qualifier="abstract" language="en_US">This paper focuses on the referential roles played by dragging moves on dynamic-geometry representations in a collaborative-geometry problem-solving context. Through an interaction analysis of chat excerpts where dragging is used by a team of students to explore the geometric properties of a given polygon, the paper investigates the role of dragging on the facilitation of joint mathematical meaning making online. Our qualitative findings suggest that the indexical properties of the dynamic constructions are specified and recalibrated through the coordination of dragging actions with textual chat, where the two types of actions mutually elaborate each other. 
</dcvalue>
      <dcvalue element="language" qualifier="iso" language="en_US">en</dcvalue>
      <dcvalue element="publisher" qualifier="none" language="en_US"> International&#x20;Society&#x20;of&#x20;the&#x20;Learning&#x20;Sciences,&#x20;Inc.&#x20;[ISLS].</dcvalue>
      <dcvalue element="title" qualifier="none" language="en_US">Dragging as a Referential Resource for Mathematical Meaning Making in a Collaborative Dynamic-Geometry Environment</dcvalue>
      <dcvalue element="type" qualifier="none" language="en_US">Book&#x20;chapter</dcvalue>
      <dc:subject xml:lang="en">Dragging as a Referential Resource for Mathematical Meaning Making in a Collaborative Dynamic-Geometry Environment</dc:subject>
<dc:subject xml:lang="en">dynamic geometry</dc:subject>
<dc:subject xml:lang="en">meaning making</dc:subject>
<dc:subject xml:lang="en">referential practices</dc:subject>
    </dublin_core>