<?xml version="1.0" encoding="utf-8" standalone="no"?>
    <dublin_core schema="dc">
    <dcvalue element="contributor" qualifier="author">Ke, Li</dcvalue>
<dcvalue element="contributor" qualifier="author">Schwarz, Christina V.</dcvalue>
      <dcvalue element="date" qualifier="accessioned">2017-06-19T11:35:28Z</dcvalue>
      <dcvalue element="date" qualifier="available">2017-06-19T11:35:28Z</dcvalue>
      <dcvalue element="date" qualifier="issued">2016-07</dcvalue>
      <dcvalue element="identifier" qualifier="citation" language="en_US">Ke, L. &amp; Schwarz, C. V.&#x20;(2016).&#x20;Examining the Influences of Teacher's Framing of Modeling Practices on Elementary Students' Engagement in Scientific Modeling&#x20;In&#x20;Looi,&#x20;C.&#x20;K.,&#x20;Polman,&#x20;J.&#x20;L.,&#x20;Cress,&#x20;U.,&#x20;and&#x20;Reimann,&#x20;P.&#x20;(Eds.).&#x20;Transforming&#x20;Learning,&#x20;Empowering&#x20;Learners:&#x20;The&#x20;International&#x20;Conference&#x20;of&#x20;the&#x20;Learning&#x20;Sciences&#x20;(ICLS)&#x20;2016,&#x20;Volume&#x20;2.&#x20;Singapore:&#x20;International&#x20;Society&#x20;of&#x20;the&#x20;Learning&#x20;Sciences,&#x20;pp.&#x20;35-43.</dcvalue>
      <dcvalue element="identifier" qualifier="uri">https://doi.dx.org&#x2F;10.22318&#x2F;icls2016.107</dcvalue>
      <dcvalue element="description" qualifier="abstract" language="en_US">Scientific modeling is one of the core scientific practices that are critical to learner’s knowledge-building. Despite the increasing emphasis on scientific modeling in the community of science education, more information/research is needed to better inform teachers as to how they can support epistemically-rich, non-procedural engagement in modeling. In this study, we use Epistemologies in Practice as our theoretical framework to examine students’ engagement in modeling practice. We used a comparison approach to analyze 26 classroom video recordings in order to understand how two teachers framed modeling practices in the same modeling-based unit. In doing so, we analyzed what support teachers provided students as they engaged in modeling and how that might have led to students’ engagement in several epistemic aspects of modeling practices. Our findings suggest that how teachers framed the purpose and goals of modeling appeared to have a great influence on how students engaged in the modeling practice.</dcvalue>
      <dcvalue element="language" qualifier="iso" language="en_US">en</dcvalue>
      <dcvalue element="publisher" qualifier="none" language="en_US">Singapore:&#x20;International&#x20;Society&#x20;of&#x20;the&#x20;Learning&#x20;Sciences</dcvalue>
      <dcvalue element="title" qualifier="none" language="en_US">Examining the Influences of Teacher's Framing of Modeling Practices on Elementary Students' Engagement in Scientific Modeling</dcvalue>
      <dcvalue element="type" qualifier="none" language="en_US">Book&#x20;chapter</dcvalue>
      &lt;dc:subject xml:lang="en"&gt;scientific practices&lt;/dc:subject&gt;
&lt;dc:subject xml:lang="en"&gt;modeling&lt;/dc:subject&gt;
&lt;dc:subject xml:lang="en"&gt;epistemology&lt;/dc:subject&gt;
&lt;dc:subject xml:lang="en"&gt;case study&lt;/dc:subject&gt;
    </dublin_core>