<?xml version="1.0" encoding="utf-8" standalone="no"?>
    <dublin_core schema="dc">
    <dcvalue element="contributor" qualifier="author">Huang, Jun Song</dcvalue>
<dcvalue element="contributor" qualifier="author">Lam, Rachel</dcvalue>
<dcvalue element="contributor" qualifier="author">Kapur, Manu</dcvalue>
      <dcvalue element="date" qualifier="accessioned">2017-06-19T11:36:26Z</dcvalue>
      <dcvalue element="date" qualifier="available">2017-06-19T11:36:26Z</dcvalue>
      <dcvalue element="date" qualifier="issued">2016-07</dcvalue>
      <dcvalue element="identifier" qualifier="citation" language="en_US">Huang, J. S., Lam, R., &amp; Kapur, M.&#x20;(2016).&#x20;Investigating Analogical Problem Posing as the Generative Task in the Productive Failure Design&#x20;In&#x20;Looi,&#x20;C.&#x20;K.,&#x20;Polman,&#x20;J.&#x20;L.,&#x20;Cress,&#x20;U.,&#x20;and&#x20;Reimann,&#x20;P.&#x20;(Eds.).&#x20;Transforming&#x20;Learning,&#x20;Empowering&#x20;Learners:&#x20;The&#x20;International&#x20;Conference&#x20;of&#x20;the&#x20;Learning&#x20;Sciences&#x20;(ICLS)&#x20;2016,&#x20;Volume&#x20;2.&#x20;Singapore:&#x20;International&#x20;Society&#x20;of&#x20;the&#x20;Learning&#x20;Sciences,&#x20;pp.&#x20;35-43.</dcvalue>
      <dcvalue element="identifier" qualifier="uri">https://doi.dx.org&#x2F;10.22318&#x2F;icls2016.156</dcvalue>
      <dcvalue element="description" qualifier="abstract" language="en_US">Research on Productive Failure and preparatory mechanisms has consistently demonstrated a positive learning effect when students generate problem solutions before receiving formal instruction. However, it has been less examined whether the effect still holds when the generative task does not involve problem solving. Using a 2x2 experimental design, this study investigated the effects of generative tasks that involve analogical problem posing (without solving) on learning and transfer. Pedagogical sequence (i.e., generation-first or instruction-first) and type of analogical reasoning task (i.e., generating one’s own analogical problems or generating analogical mappings between given analogical problems) were the two factors manipulated. Preliminary analysis revealed no multivariate effects of the factors. Thus, we discuss the learning mechanisms enacted by analogical reasoning, reliability of the instruments, and the participants’ prior condition as possible reasons and to inform future studies. </dcvalue>
      <dcvalue element="language" qualifier="iso" language="en_US">en</dcvalue>
      <dcvalue element="publisher" qualifier="none" language="en_US">Singapore:&#x20;International&#x20;Society&#x20;of&#x20;the&#x20;Learning&#x20;Sciences</dcvalue>
      <dcvalue element="title" qualifier="none" language="en_US">Investigating Analogical Problem Posing as the Generative Task in the Productive Failure Design</dcvalue>
      <dcvalue element="type" qualifier="none" language="en_US">Book&#x20;chapter</dcvalue>
      &lt;dc:subject xml:lang="en"&gt;Productive Failure&lt;/dc:subject&gt;
&lt;dc:subject xml:lang="en"&gt;pedagogical sequence&lt;/dc:subject&gt;
&lt;dc:subject xml:lang="en"&gt;analogical reasoning&lt;/dc:subject&gt;
&lt;dc:subject xml:lang="en"&gt;transfer&lt;/dc:subject&gt;
    </dublin_core>