<?xml version="1.0" encoding="utf-8" standalone="no"?>
    <dublin_core schema="dc">
    <dcvalue element="contributor" qualifier="author">Walsh, Elizabeth M.</dcvalue>
<dcvalue element="contributor" qualifier="author">McGowan, Veronica C.</dcvalue>
      <dcvalue element="date" qualifier="accessioned">2017-06-19T11:35:46Z</dcvalue>
      <dcvalue element="date" qualifier="available">2017-06-19T11:35:46Z</dcvalue>
      <dcvalue element="date" qualifier="issued">2016-07</dcvalue>
      <dcvalue element="identifier" qualifier="citation" language="en_US">Walsh, E. M. &amp; McGowan, V. C.&#x20;(2016).&#x20;Let Your Data Tell a Story: Disciplinary Expert Feedback Locates Engaging in Argumentation in a Holistic System of Practices&#x20;In&#x20;Looi,&#x20;C.&#x20;K.,&#x20;Polman,&#x20;J.&#x20;L.,&#x20;Cress,&#x20;U.,&#x20;and&#x20;Reimann,&#x20;P.&#x20;(Eds.).&#x20;Transforming&#x20;Learning,&#x20;Empowering&#x20;Learners:&#x20;The&#x20;International&#x20;Conference&#x20;of&#x20;the&#x20;Learning&#x20;Sciences&#x20;(ICLS)&#x20;2016,&#x20;Volume&#x20;2.&#x20;Singapore:&#x20;International&#x20;Society&#x20;of&#x20;the&#x20;Learning&#x20;Sciences,&#x20;pp.&#x20;35-43.</dcvalue>
      <dcvalue element="identifier" qualifier="uri">https://doi.dx.org&#x2F;10.22318&#x2F;icls2016.123</dcvalue>
      <dcvalue element="description" qualifier="abstract" language="en_US">Trends in science education promote engagement in authentic knowledge in practice to tackle personally consequential science problems. To better understand what authentic practice looks like in a classroom, we examine interactions between scientists and students on a social media platform during two pilot enactments of a project-based curriculum focusing on the ecological impacts of climate change. Scientists provided feedback to students on infographics meant to communicate to an audience about climate change. We conceptualize the feedback and student work as boundary objects co-created by students and scientists, and analyze the structure and content of the scientists' feedback.  We found that in feedback on a particular practice scientists encouraged students to participate systemically in practices instead of isolating one practice. Engaging with scientists around established scientific texts and data sets provided students with a platform for developing expertise in other important scientific practices during argument construction.</dcvalue>
      <dcvalue element="language" qualifier="iso" language="en_US">en</dcvalue>
      <dcvalue element="publisher" qualifier="none" language="en_US">Singapore:&#x20;International&#x20;Society&#x20;of&#x20;the&#x20;Learning&#x20;Sciences</dcvalue>
      <dcvalue element="title" qualifier="none" language="en_US">Let Your Data Tell a Story: Disciplinary Expert Feedback Locates Engaging in Argumentation in a Holistic System of Practices</dcvalue>
      <dcvalue element="type" qualifier="none" language="en_US">Book&#x20;chapter</dcvalue>
      &lt;dc:subject xml:lang="en"&gt;scientific practice&lt;/dc:subject&gt;
&lt;dc:subject xml:lang="en"&gt;sociocultural&lt;/dc:subject&gt;
&lt;dc:subject xml:lang="en"&gt;disciplinary experts&lt;/dc:subject&gt;
&lt;dc:subject xml:lang="en"&gt;argumentation&lt;/dc:subject&gt;
    </dublin_core>