<?xml version="1.0" encoding="utf-8" standalone="no"?>
    <dublin_core schema="dc">
    <dcvalue element="contributor" qualifier="author">Iordanou, Kalypso</dcvalue>
<dcvalue element="contributor" qualifier="author">Goh, Wendy</dcvalue>
      <dcvalue element="date" qualifier="accessioned">2017-06-19T11:35:41Z</dcvalue>
      <dcvalue element="date" qualifier="available">2017-06-19T11:35:41Z</dcvalue>
      <dcvalue element="date" qualifier="issued">2016-07</dcvalue>
      <dcvalue element="identifier" qualifier="citation" language="en_US">Iordanou, K. &amp; Goh, W.&#x20;(2016).&#x20;Developing Argument Skills Through the SOCRATES Learning Environment&#x20;In&#x20;Looi,&#x20;C.&#x20;K.,&#x20;Polman,&#x20;J.&#x20;L.,&#x20;Cress,&#x20;U.,&#x20;and&#x20;Reimann,&#x20;P.&#x20;(Eds.).&#x20;Transforming&#x20;Learning,&#x20;Empowering&#x20;Learners:&#x20;The&#x20;International&#x20;Conference&#x20;of&#x20;the&#x20;Learning&#x20;Sciences&#x20;(ICLS)&#x20;2016,&#x20;Volume&#x20;2.&#x20;Singapore:&#x20;International&#x20;Society&#x20;of&#x20;the&#x20;Learning&#x20;Sciences,&#x20;pp.&#x20;35-43.</dcvalue>
      <dcvalue element="identifier" qualifier="uri">https://doi.dx.org&#x2F;10.22318&#x2F;icls2016.118</dcvalue>
      <dcvalue element="description" qualifier="abstract" language="en_US">The SOCRATES web-based learning environment, which aims to support the development of argument skills, is described here. Also, a study (in progress) is described where 5th graders (11 year olds) engaged (a) in electronic argumentive dialogs with classmates who held an opposing view on the topic, and (b) in some evidence-focused reflective activities, based on transcriptions of their dialogs, in the context of the SOCRATES learning environment. Participants’ epistemic cognition, epistemic emotions and argument skills are examined.</dcvalue>
      <dcvalue element="language" qualifier="iso" language="en_US">en</dcvalue>
      <dcvalue element="publisher" qualifier="none" language="en_US">Singapore:&#x20;International&#x20;Society&#x20;of&#x20;the&#x20;Learning&#x20;Sciences</dcvalue>
      <dcvalue element="title" qualifier="none" language="en_US">Developing Argument Skills Through the SOCRATES Learning Environment</dcvalue>
      <dcvalue element="type" qualifier="none" language="en_US">Book&#x20;chapter</dcvalue>
      &lt;dc:subject xml:lang="en"&gt;argument skills&lt;/dc:subject&gt;
&lt;dc:subject xml:lang="en"&gt;learning environment&lt;/dc:subject&gt;
&lt;dc:subject xml:lang="en"&gt;scaffolding&lt;/dc:subject&gt;
    </dublin_core>