<?xml version="1.0" encoding="utf-8" standalone="no"?>
    <dublin_core schema="dc">
    <dcvalue element="contributor" qualifier="author">Ramey, Kay E.</dcvalue>
<dcvalue element="contributor" qualifier="author">Champion, Dionne N.</dcvalue>
<dcvalue element="contributor" qualifier="author">Dyer, Elizabeth B.</dcvalue>
<dcvalue element="contributor" qualifier="author">Keifert, Danielle T.</dcvalue>
<dcvalue element="contributor" qualifier="author">Krist, Christina</dcvalue>
<dcvalue element="contributor" qualifier="author">Meyerhoff, Peter</dcvalue>
<dcvalue element="contributor" qualifier="author">Villanosa, Krystal</dcvalue>
<dcvalue element="contributor" qualifier="author">Hilppö, Jaakko</dcvalue>
      <dcvalue element="date" qualifier="accessioned">2017-06-19T11:36:35Z</dcvalue>
      <dcvalue element="date" qualifier="available">2017-06-19T11:36:35Z</dcvalue>
      <dcvalue element="date" qualifier="issued">2016-07</dcvalue>
      <dcvalue element="identifier" qualifier="citation" language="en_US">Ramey, K. E., Champion, D. N., Dyer, E. B., Keifert, D. T., Krist, C., Meyerhoff, P., Villanosa, K., &amp; Hilppö, J.&#x20;(2016).&#x20;Qualitative Analysis of Video Data: Standards and Heuristics&#x20;In&#x20;Looi,&#x20;C.&#x20;K.,&#x20;Polman,&#x20;J.&#x20;L.,&#x20;Cress,&#x20;U.,&#x20;and&#x20;Reimann,&#x20;P.&#x20;(Eds.).&#x20;Transforming&#x20;Learning,&#x20;Empowering&#x20;Learners:&#x20;The&#x20;International&#x20;Conference&#x20;of&#x20;the&#x20;Learning&#x20;Sciences&#x20;(ICLS)&#x20;2016,&#x20;Volume&#x20;2.&#x20;Singapore:&#x20;International&#x20;Society&#x20;of&#x20;the&#x20;Learning&#x20;Sciences,&#x20;pp.&#x20;35-43.</dcvalue>
      <dcvalue element="identifier" qualifier="uri">https://doi.dx.org&#x2F;10.22318&#x2F;icls2016.163</dcvalue>
      <dcvalue element="description" qualifier="abstract" language="en_US">Video research is an increasingly important method in the learning sciences. Video provides unique analytical affordances to researchers but also presents unique tensions, many of which have not yet been adequately addressed in the literature. The authors of this symposium draw on their diverse experiences, analyzing a variety of video corpuses, to provide theoretical and methodological standards and heuristics for the process of video analysis. We focus on three themes central to the process of video analysis that would benefit from increased theoretical and methodological attention: transcription tensions, defining the unit of analysis, and representing context. We discuss how our approaches to video analysis are framed by theory and how we have applied them to specific datasets, to answer a variety of research questions. In doing so, we make explicit some crosscutting methodological norms and invite continued discussion about these norms from multiple analytic traditions.  </dcvalue>
      <dcvalue element="language" qualifier="iso" language="en_US">en</dcvalue>
      <dcvalue element="publisher" qualifier="none" language="en_US">Singapore:&#x20;International&#x20;Society&#x20;of&#x20;the&#x20;Learning&#x20;Sciences</dcvalue>
      <dcvalue element="title" qualifier="none" language="en_US">Qualitative Analysis of Video Data: Standards and Heuristics</dcvalue>
      <dcvalue element="type" qualifier="none" language="en_US">Book&#x20;chapter</dcvalue>
      &lt;dc:subject xml:lang="en"&gt;video&lt;/dc:subject&gt;
&lt;dc:subject xml:lang="en"&gt;qualitative&lt;/dc:subject&gt;
&lt;dc:subject xml:lang="en"&gt;methods&lt;/dc:subject&gt;
&lt;dc:subject xml:lang="en"&gt;analysis&lt;/dc:subject&gt;
&lt;dc:subject xml:lang="en"&gt;data representation&lt;/dc:subject&gt;
    </dublin_core>