<?xml version="1.0" encoding="utf-8" standalone="no"?>
    <dublin_core schema="dc">
    <dcvalue element="contributor" qualifier="author">Kyewski, Elias</dcvalue>
<dcvalue element="contributor" qualifier="author">Krämer, Nicole C.</dcvalue>
<dcvalue element="contributor" qualifier="author">Christmann, Nina</dcvalue>
<dcvalue element="contributor" qualifier="author">Elson, Malte</dcvalue>
<dcvalue element="contributor" qualifier="author">Erdmann, Julia</dcvalue>
<dcvalue element="contributor" qualifier="author">Hecking, Tobias</dcvalue>
<dcvalue element="contributor" qualifier="author">Herrmann, Thomas</dcvalue>
<dcvalue element="contributor" qualifier="author">Hoppe, H. Ulrich</dcvalue>
<dcvalue element="contributor" qualifier="author">Rummel, Nikol</dcvalue>
<dcvalue element="contributor" qualifier="author">Wichmann, Astrid</dcvalue>
      <dcvalue element="date" qualifier="accessioned">2017-06-19T11:36:01Z</dcvalue>
      <dcvalue element="date" qualifier="available">2017-06-19T11:36:01Z</dcvalue>
      <dcvalue element="date" qualifier="issued">2016-07</dcvalue>
      <dcvalue element="identifier" qualifier="citation" language="en_US">Kyewski, E., Krämer, N. C., Christmann, N., Elson, M., Erdmann, J., Hecking, T., Herrmann, T., Hoppe, H. U., Rummel, N., &amp; Wichmann, A.&#x20;(2016).&#x20;Is Small Group Collaboration Beneficial in Large Scale Online Courses? An Investigation of Factors Influencing Satisfaction and Performance in GroupMOOCs&#x20;In&#x20;Looi,&#x20;C.&#x20;K.,&#x20;Polman,&#x20;J.&#x20;L.,&#x20;Cress,&#x20;U.,&#x20;and&#x20;Reimann,&#x20;P.&#x20;(Eds.).&#x20;Transforming&#x20;Learning,&#x20;Empowering&#x20;Learners:&#x20;The&#x20;International&#x20;Conference&#x20;of&#x20;the&#x20;Learning&#x20;Sciences&#x20;(ICLS)&#x20;2016,&#x20;Volume&#x20;2.&#x20;Singapore:&#x20;International&#x20;Society&#x20;of&#x20;the&#x20;Learning&#x20;Sciences,&#x20;pp.&#x20;35-43.</dcvalue>
      <dcvalue element="identifier" qualifier="uri">https://doi.dx.org&#x2F;10.22318&#x2F;icls2016.136</dcvalue>
      <dcvalue element="description" qualifier="abstract" language="en_US">The paper analyzes students’ experience within a large scale e-learning course in a higher education setting. During the course students worked on successive assignments individually or in groups of three students in an alternating fashion. Captured data include students’ platform behavior (login, resource accesses, e.g., literature access, video access, active days, completed quizzes, resource coverage), students’ final course grade as well as learning preferences, intrinsic motivation and satisfaction assessed via questionnaire. Results reveal that of those variables the satisfaction with the collaborative tasks is merely related to students’ overall course evaluation.</dcvalue>
      <dcvalue element="language" qualifier="iso" language="en_US">en</dcvalue>
      <dcvalue element="publisher" qualifier="none" language="en_US">Singapore:&#x20;International&#x20;Society&#x20;of&#x20;the&#x20;Learning&#x20;Sciences</dcvalue>
      <dcvalue element="title" qualifier="none" language="en_US">Is Small Group Collaboration Beneficial in Large Scale Online Courses? An Investigation of Factors Influencing Satisfaction and Performance in GroupMOOCs</dcvalue>
      <dcvalue element="type" qualifier="none" language="en_US">Book&#x20;chapter</dcvalue>
      &lt;dc:subject xml:lang="en"&gt;MOOC&lt;/dc:subject&gt;
&lt;dc:subject xml:lang="en"&gt;e-learning&lt;/dc:subject&gt;
&lt;dc:subject xml:lang="en"&gt;collaboration&lt;/dc:subject&gt;
    </dublin_core>