<?xml version="1.0" encoding="utf-8" standalone="no"?>
    <dublin_core schema="dc">
    <dcvalue element="contributor" qualifier="author">Andrade, Alejandro</dcvalue>
      <dcvalue element="date" qualifier="accessioned">2017-06-19T14:15:51Z</dcvalue>
      <dcvalue element="date" qualifier="available">2017-06-19T14:15:51Z</dcvalue>
      <dcvalue element="date" qualifier="issued">2015-07</dcvalue>
      <dcvalue element="identifier" qualifier="citation" language="en_US">Andrade, A.&#x20;(2015).&#x20;Using Situated-Action Networks to Visualize Complex Learning&#x20;In&#x20; Lindwall,&#x20;O.,&#x20;Häkkinen,&#x20;P.,&#x20;Koschman,&#x20;T.&#x20;Tchounikine,&#x20;P.&#x20;&#x20;Ludvigsen,&#x20;S.&#x20;(Eds.)&#x20;(2015).&#x20;Exploring&#x20;the&#x20;Material&#x20;Conditions&#x20;of&#x20;Learning:&#x20;The&#x20;Computer&#x20;Supported&#x20;Collaborative&#x20;Learning&#x20;(CSCL)&#x20;Conference&#x20;2015,&#x20;Volume&#x20;1.&#x20;Gothenburg,&#x20;Sweden:&#x20;The&#x20;International&#x20;Society&#x20;of&#x20;the&#x20;Learning&#x20;Sciences.</dcvalue>
      <dcvalue element="identifier" qualifier="uri">https://doi.dx.org&#x2F;10.22318&#x2F;cscl2015.340</dcvalue>
      <dcvalue element="description" qualifier="abstract" language="en_US">The purpose of this paper is to show how Situated-Action Networks (SAN) is a viable visualization tool for representing the learning that happens as a movement from peripheral to more engaged forms of participation in a social activity. In taking action as the unit of analysis, persons, speech acts, and artifacts are considered as the nodes in a functional model of learning. This method is illustrated by a simple proxy where a graduate student takes the place of a pilot apprentice who learns how to land an airplane in a computer simulation. Findings show that the SAN’s sociographs and the learning trajectory plot display the interconnected complexity of the learning that occurred at various forms of action as a result of participation. Further work and limitations of this method are discussed.
</dcvalue>
      <dcvalue element="language" qualifier="iso" language="en_US">en</dcvalue>
      <dcvalue element="publisher" qualifier="none" language="en_US"> International&#x20;Society&#x20;of&#x20;the&#x20;Learning&#x20;Sciences,&#x20;Inc.&#x20;[ISLS].</dcvalue>
      <dcvalue element="title" qualifier="none" language="en_US">Using Situated-Action Networks to Visualize Complex Learning</dcvalue>
      <dcvalue element="type" qualifier="none" language="en_US">Book&#x20;chapter</dcvalue>
      <dc:subject xml:lang="en">Using Situated-Action Networks to Visualize Complex Learning</dc:subject>
<dc:subject xml:lang="en">activity theory</dc:subject>
<dc:subject xml:lang="en">distributed cognition</dc:subject>
<dc:subject xml:lang="en">situated learning</dc:subject>
<dc:subject xml:lang="en">social network analysis</dc:subject>
    </dublin_core>