<?xml version="1.0" encoding="utf-8" standalone="no"?>
    <dublin_core schema="dc">
    <dcvalue element="contributor" qualifier="author">van Riesen, Siswa A. N.</dcvalue>
<dcvalue element="contributor" qualifier="author">Gijlers, Hannie</dcvalue>
<dcvalue element="contributor" qualifier="author">Anjewierden, Anjo</dcvalue>
<dcvalue element="contributor" qualifier="author">de Jong, Ton</dcvalue>
      <dcvalue element="date" qualifier="accessioned">2017-06-19T11:35:33Z</dcvalue>
      <dcvalue element="date" qualifier="available">2017-06-19T11:35:33Z</dcvalue>
      <dcvalue element="date" qualifier="issued">2016-07</dcvalue>
      <dcvalue element="identifier" qualifier="citation" language="en_US">van Riesen, S. A., Gijlers, H., Anjewierden, A., &amp; de Jong, T.&#x20;(2016).&#x20;Supporting Planning and Conducting Experiments&#x20;In&#x20;Looi,&#x20;C.&#x20;K.,&#x20;Polman,&#x20;J.&#x20;L.,&#x20;Cress,&#x20;U.,&#x20;and&#x20;Reimann,&#x20;P.&#x20;(Eds.).&#x20;Transforming&#x20;Learning,&#x20;Empowering&#x20;Learners:&#x20;The&#x20;International&#x20;Conference&#x20;of&#x20;the&#x20;Learning&#x20;Sciences&#x20;(ICLS)&#x20;2016,&#x20;Volume&#x20;2.&#x20;Singapore:&#x20;International&#x20;Society&#x20;of&#x20;the&#x20;Learning&#x20;Sciences,&#x20;pp.&#x20;35-43.</dcvalue>
      <dcvalue element="identifier" qualifier="uri">https://doi.dx.org&#x2F;10.22318&#x2F;icls2016.112</dcvalue>
      <dcvalue element="description" qualifier="abstract" language="en_US">In inquiry learning learners design and conduct experiments. Learners experience difficulties with the involved processes and need guidance to design useful experiments. To guide students in this we created a configurable experiment design tool that is usable in multiple domains. The tool was tested with two configurations; one with a CVS structure in which learners had to design at least three experimental trials before conducting their experiment, and one in which this was not required. In the current study secondary students designed and conducted experiments in an online lab about buoyancy and Archimedes’ principle. Three conditions were compared in terms of students’ conceptual knowledge gain. Students worked with one configuration of the tool, or with no tool. Results showed significant differences between conditions for lower prior knowledge students’ learning gain about buoyancy.</dcvalue>
      <dcvalue element="language" qualifier="iso" language="en_US">en</dcvalue>
      <dcvalue element="publisher" qualifier="none" language="en_US">Singapore:&#x20;International&#x20;Society&#x20;of&#x20;the&#x20;Learning&#x20;Sciences</dcvalue>
      <dcvalue element="title" qualifier="none" language="en_US">Supporting Planning and Conducting Experiments</dcvalue>
      <dcvalue element="type" qualifier="none" language="en_US">Book&#x20;chapter</dcvalue>
      &lt;dc:subject xml:lang="en"&gt;inquiry learning&lt;/dc:subject&gt;
&lt;dc:subject xml:lang="en"&gt;experiment design&lt;/dc:subject&gt;
&lt;dc:subject xml:lang="en"&gt;guidance&lt;/dc:subject&gt;
&lt;dc:subject xml:lang="en"&gt;planning&lt;/dc:subject&gt;
    </dublin_core>