<?xml version="1.0" encoding="utf-8" standalone="no"?>
    <dublin_core schema="dc">
    <dcvalue element="contributor" qualifier="author">Shirouzu, Hajime</dcvalue>
<dcvalue element="contributor" qualifier="author">Scardamalia, Marlene</dcvalue>
<dcvalue element="contributor" qualifier="author">Saito, Moegi</dcvalue>
<dcvalue element="contributor" qualifier="author">Ogawa, Sonoko</dcvalue>
<dcvalue element="contributor" qualifier="author">Iikubo, Shinya</dcvalue>
<dcvalue element="contributor" qualifier="author">Hori, Naoto</dcvalue>
<dcvalue element="contributor" qualifier="author">Rosé, Carolyn</dcvalue>
      <dcvalue element="date" qualifier="accessioned">2017-06-19T11:36:45Z</dcvalue>
      <dcvalue element="date" qualifier="available">2017-06-19T11:36:45Z</dcvalue>
      <dcvalue element="date" qualifier="issued">2016-07</dcvalue>
      <dcvalue element="identifier" qualifier="citation" language="en_US">Shirouzu, H., Scardamalia, M., Saito, M., Ogawa, S., Iikubo, S., Hori, N., &amp; Rosé, C.&#x20;(2016).&#x20;Building on Cultural Capacity for Innovation Through International Collaboration: In Memory of Naomi Miyake&#x20;In&#x20;Looi,&#x20;C.&#x20;K.,&#x20;Polman,&#x20;J.&#x20;L.,&#x20;Cress,&#x20;U.,&#x20;and&#x20;Reimann,&#x20;P.&#x20;(Eds.).&#x20;Transforming&#x20;Learning,&#x20;Empowering&#x20;Learners:&#x20;The&#x20;International&#x20;Conference&#x20;of&#x20;the&#x20;Learning&#x20;Sciences&#x20;(ICLS)&#x20;2016,&#x20;Volume&#x20;2.&#x20;Singapore:&#x20;International&#x20;Society&#x20;of&#x20;the&#x20;Learning&#x20;Sciences,&#x20;pp.&#x20;35-43.</dcvalue>
      <dcvalue element="identifier" qualifier="uri">https://doi.dx.org&#x2F;10.22318&#x2F;icls2016.169</dcvalue>
      <dcvalue element="description" qualifier="abstract" language="en_US">This symposium addresses issues of scaling up research-based educational reforms, with focus on the Japanese Knowledge Constructive Jigsaw initiative--a substantial achievement of Naomi Miyake and learning science colleagues in Japan. Scaling up procedures involve small networks of teachers, education leaders and researchers working together to design, practice and reflect lessons across subjects, schools and districts. The set of strategies developed provides a common Knowledge Constructive Jigsaw framework or set of “constraints” to guide the practices of participants for reflection on learning and to expand children’s potential to learn, teachers’ potential to support student learning, and policy makers’ potential to support teacher learning. Building Cultural Capacity for Innovation represents a vision shared by teams in Japan and internationally to transform schools into knowledge creating organizations, to learn from one another, and to—in Naomi’s words--support a science of practice deeply embedded in the learning sciences.</dcvalue>
      <dcvalue element="language" qualifier="iso" language="en_US">en</dcvalue>
      <dcvalue element="publisher" qualifier="none" language="en_US">Singapore:&#x20;International&#x20;Society&#x20;of&#x20;the&#x20;Learning&#x20;Sciences</dcvalue>
      <dcvalue element="title" qualifier="none" language="en_US">Building on Cultural Capacity for Innovation Through International Collaboration: In Memory of Naomi Miyake</dcvalue>
      <dcvalue element="type" qualifier="none" language="en_US">Book&#x20;chapter</dcvalue>
      &lt;dc:subject xml:lang="en"&gt;scaling-up&lt;/dc:subject&gt;
&lt;dc:subject xml:lang="en"&gt;knowledge constructive jigsaw&lt;/dc:subject&gt;
&lt;dc:subject xml:lang="en"&gt;knowledge building&lt;/dc:subject&gt;
&lt;dc:subject xml:lang="en"&gt;DBIR&lt;/dc:subject&gt;
    </dublin_core>