<?xml version="1.0" encoding="utf-8" standalone="no"?>
    <dublin_core schema="dc">
    <dcvalue element="contributor" qualifier="author">Thomas, Jakita O.</dcvalue>
<dcvalue element="contributor" qualifier="author">Minor, Rachelle</dcvalue>
<dcvalue element="contributor" qualifier="author">Odemwingie, O. Carlette</dcvalue>
      <dcvalue element="date" qualifier="accessioned">2017-06-19T11:36:14Z</dcvalue>
      <dcvalue element="date" qualifier="available">2017-06-19T11:36:14Z</dcvalue>
      <dcvalue element="date" qualifier="issued">2016-07</dcvalue>
      <dcvalue element="identifier" qualifier="citation" language="en_US">Thomas, J. O., Minor, R., &amp; Odemwingie, O. C.&#x20;(2016).&#x20;Exploring African-American Middle-School Girls' Perceptions of Themselves as Game Designers&#x20;In&#x20;Looi,&#x20;C.&#x20;K.,&#x20;Polman,&#x20;J.&#x20;L.,&#x20;Cress,&#x20;U.,&#x20;and&#x20;Reimann,&#x20;P.&#x20;(Eds.).&#x20;Transforming&#x20;Learning,&#x20;Empowering&#x20;Learners:&#x20;The&#x20;International&#x20;Conference&#x20;of&#x20;the&#x20;Learning&#x20;Sciences&#x20;(ICLS)&#x20;2016,&#x20;Volume&#x20;2.&#x20;Singapore:&#x20;International&#x20;Society&#x20;of&#x20;the&#x20;Learning&#x20;Sciences,&#x20;pp.&#x20;35-43.</dcvalue>
      <dcvalue element="identifier" qualifier="uri">https://doi.dx.org&#x2F;10.22318&#x2F;icls2016.146</dcvalue>
      <dcvalue element="description" qualifier="abstract" language="en_US">Computational algorithmic thinking (CAT) is the ability to design, implement, and assess the implementation of algorithms to solve a range of problems. Supporting Computational Algorithmic Thinking (SCAT) is a longitudinal project that explores the development of CAT capabilities by guiding African-American middle school girls through the iterative game design cycle, resulting in a set of complex games around broad themes.  This paper explores African-American middle school girls’ (called SCAT Scholars) perspectives of their SCAT experience and perceptions of themselves as game designers. </dcvalue>
      <dcvalue element="language" qualifier="iso" language="en_US">en</dcvalue>
      <dcvalue element="publisher" qualifier="none" language="en_US">Singapore:&#x20;International&#x20;Society&#x20;of&#x20;the&#x20;Learning&#x20;Sciences</dcvalue>
      <dcvalue element="title" qualifier="none" language="en_US">Exploring African-American Middle-School Girls' Perceptions of Themselves as Game Designers</dcvalue>
      <dcvalue element="type" qualifier="none" language="en_US">Book&#x20;chapter</dcvalue>
      &lt;dc:subject xml:lang="en"&gt;computational algorithmic thinking&lt;/dc:subject&gt;
&lt;dc:subject xml:lang="en"&gt;SCAT&lt;/dc:subject&gt;
&lt;dc:subject xml:lang="en"&gt;game design&lt;/dc:subject&gt;
&lt;dc:subject xml:lang="en"&gt;girls&lt;/dc:subject&gt;
    </dublin_core>