<?xml version="1.0" encoding="utf-8" standalone="no"?>
    <dublin_core schema="dc">
    <dcvalue element="contributor" qualifier="author">Hong, Huang-Yao</dcvalue>
<dcvalue element="contributor" qualifier="author">Chai, Ching Sing</dcvalue>
<dcvalue element="contributor" qualifier="author">Hung, Guo-Tsai</dcvalue>
      <dcvalue element="date" qualifier="accessioned">2017-06-19T14:15:51Z</dcvalue>
      <dcvalue element="date" qualifier="available">2017-06-19T14:15:51Z</dcvalue>
      <dcvalue element="date" qualifier="issued">2015-07</dcvalue>
      <dcvalue element="identifier" qualifier="citation" language="en_US">Hong, H., Chai, C. S., &amp; Hung, G.&#x20;(2015).&#x20;Principle-Based Guidance to Foster Adaptive Teaching Practice&#x20;In&#x20; Lindwall,&#x20;O.,&#x20;Häkkinen,&#x20;P.,&#x20;Koschman,&#x20;T.&#x20;Tchounikine,&#x20;P.&#x20;&#x20;Ludvigsen,&#x20;S.&#x20;(Eds.)&#x20;(2015).&#x20;Exploring&#x20;the&#x20;Material&#x20;Conditions&#x20;of&#x20;Learning:&#x20;The&#x20;Computer&#x20;Supported&#x20;Collaborative&#x20;Learning&#x20;(CSCL)&#x20;Conference&#x20;2015,&#x20;Volume&#x20;1.&#x20;Gothenburg,&#x20;Sweden:&#x20;The&#x20;International&#x20;Society&#x20;of&#x20;the&#x20;Learning&#x20;Sciences.</dcvalue>
      <dcvalue element="identifier" qualifier="uri">https://doi.dx.org&#x2F;10.22318&#x2F;cscl2015.126</dcvalue>
      <dcvalue element="description" qualifier="abstract" language="en_US">This exploratory study investigated the effects of engaging teacher-education students in collaborative lesson design activities guided by knowledge building principles on their mathematics teaching practices. The study context was a university course concerning mathematics teaching practice. Analyses focused on (a) online collaborative lesson design activities, and (b) classroom teaching practices. Results showed that the principle-based guidance (a) was conducive to progressively more collaborative knowledge work, and (b) was able to engage the participants in gradually more adaptive mathematical teaching practice.
</dcvalue>
      <dcvalue element="language" qualifier="iso" language="en_US">en</dcvalue>
      <dcvalue element="publisher" qualifier="none" language="en_US"> International&#x20;Society&#x20;of&#x20;the&#x20;Learning&#x20;Sciences,&#x20;Inc.&#x20;[ISLS].</dcvalue>
      <dcvalue element="title" qualifier="none" language="en_US">Principle-Based Guidance to Foster Adaptive Teaching Practice</dcvalue>
      <dcvalue element="type" qualifier="none" language="en_US">Book&#x20;chapter</dcvalue>
      <dc:subject xml:lang="en">Principle-Based Guidance to Foster Adaptive Teaching Practice</dc:subject>
<dc:subject xml:lang="en">principle-based</dc:subject>
<dc:subject xml:lang="en">adaptive teaching</dc:subject>
<dc:subject xml:lang="en">knowledge building</dc:subject>
    </dublin_core>