<?xml version="1.0" encoding="utf-8" standalone="no"?>
    <dublin_core schema="dc">
    <dcvalue element="contributor" qualifier="author">DesPortes, Kayla</dcvalue>
<dcvalue element="contributor" qualifier="author">Spells, Monet</dcvalue>
<dcvalue element="contributor" qualifier="author">DiSalvo, Betsy</dcvalue>
      <dcvalue element="date" qualifier="accessioned">2017-06-19T11:35:53Z</dcvalue>
      <dcvalue element="date" qualifier="available">2017-06-19T11:35:53Z</dcvalue>
      <dcvalue element="date" qualifier="issued">2016-07</dcvalue>
      <dcvalue element="identifier" qualifier="citation" language="en_US">DesPortes, K., Spells, M., &amp; DiSalvo, B.&#x20;(2016).&#x20;Interdisciplinary Computing and the Emergence of Boundary Objects: A Case-Study of Dance and Technology&#x20;In&#x20;Looi,&#x20;C.&#x20;K.,&#x20;Polman,&#x20;J.&#x20;L.,&#x20;Cress,&#x20;U.,&#x20;and&#x20;Reimann,&#x20;P.&#x20;(Eds.).&#x20;Transforming&#x20;Learning,&#x20;Empowering&#x20;Learners:&#x20;The&#x20;International&#x20;Conference&#x20;of&#x20;the&#x20;Learning&#x20;Sciences&#x20;(ICLS)&#x20;2016,&#x20;Volume&#x20;2.&#x20;Singapore:&#x20;International&#x20;Society&#x20;of&#x20;the&#x20;Learning&#x20;Sciences,&#x20;pp.&#x20;35-43.</dcvalue>
      <dcvalue element="identifier" qualifier="uri">https://doi.dx.org&#x2F;10.22318&#x2F;icls2016.129</dcvalue>
      <dcvalue element="description" qualifier="abstract" language="en_US">Many educational interventions involving computer science and engineering have created interdisciplinary educational experiences to contextualize the learning. These efforts have begun to help diversify computing and engineering by encouraging young people who are underrepresented in these fields to consider them from a different perspective. Computing projects in these environments are often collaborative and require students with varying backgrounds and perspectives to work together. We propose that the coordination between the participants is facilitated in the presence of their differences through the computational artifacts they create, which serve as boundary objects. Furthermore, integrating art into these interventions promotes abstract thinking, enabling the boundary objects to flow more seamlessly between weakly and strongly structured implementations and interpretations. We examine this proposition within a case study of a dance and technology workshop. We highlight how students and leaders negotiated and accepted differences within their perspectives and interpretations of the dances they created.</dcvalue>
      <dcvalue element="language" qualifier="iso" language="en_US">en</dcvalue>
      <dcvalue element="publisher" qualifier="none" language="en_US">Singapore:&#x20;International&#x20;Society&#x20;of&#x20;the&#x20;Learning&#x20;Sciences</dcvalue>
      <dcvalue element="title" qualifier="none" language="en_US">Interdisciplinary Computing and the Emergence of Boundary Objects: A Case-Study of Dance and Technology</dcvalue>
      <dcvalue element="type" qualifier="none" language="en_US">Book&#x20;chapter</dcvalue>
      &lt;dc:subject xml:lang="en"&gt;boundary objects&lt;/dc:subject&gt;
&lt;dc:subject xml:lang="en"&gt;computer science education&lt;/dc:subject&gt;
&lt;dc:subject xml:lang="en"&gt;engineering&lt;/dc:subject&gt;
&lt;dc:subject xml:lang="en"&gt;broadening participation&lt;/dc:subject&gt;
    </dublin_core>