<?xml version="1.0" encoding="utf-8" standalone="no"?>
    <dublin_core schema="dc">
    <dcvalue element="contributor" qualifier="author">Minshew, Lana M.</dcvalue>
<dcvalue element="contributor" qualifier="author">Derry, Sharon</dcvalue>
<dcvalue element="contributor" qualifier="author">Anderson, Janice</dcvalue>
<dcvalue element="contributor" qualifier="author">Barber-Lester, Kelly</dcvalue>
      <dcvalue element="date" qualifier="accessioned">2017-06-19T11:36:20Z</dcvalue>
      <dcvalue element="date" qualifier="available">2017-06-19T11:36:20Z</dcvalue>
      <dcvalue element="date" qualifier="issued">2016-07</dcvalue>
      <dcvalue element="identifier" qualifier="citation" language="en_US">Minshew, L. M., Derry, S., Anderson, J., &amp; Barber-Lester, K.&#x20;(2016).&#x20;Designing for Effective Collaborative Learning in High-Needs Rural Classrooms&#x20;In&#x20;Looi,&#x20;C.&#x20;K.,&#x20;Polman,&#x20;J.&#x20;L.,&#x20;Cress,&#x20;U.,&#x20;and&#x20;Reimann,&#x20;P.&#x20;(Eds.).&#x20;Transforming&#x20;Learning,&#x20;Empowering&#x20;Learners:&#x20;The&#x20;International&#x20;Conference&#x20;of&#x20;the&#x20;Learning&#x20;Sciences&#x20;(ICLS)&#x20;2016,&#x20;Volume&#x20;2.&#x20;Singapore:&#x20;International&#x20;Society&#x20;of&#x20;the&#x20;Learning&#x20;Sciences,&#x20;pp.&#x20;35-43.</dcvalue>
      <dcvalue element="identifier" qualifier="uri">https://doi.dx.org&#x2F;10.22318&#x2F;icls2016.151</dcvalue>
      <dcvalue element="description" qualifier="abstract" language="en_US">Orchestrating collaborative meaning making in classrooms can present a significant challenge to teachers, in particular, for teachers in under-resourced middle schools in rural areas. This paper reports on issues that arose during a prototype implementation of a biology curriculum for middle school students, which resulted the design of collaborative scripts supported by technology that aid teachers in advancing student thinking.</dcvalue>
      <dcvalue element="language" qualifier="iso" language="en_US">en</dcvalue>
      <dcvalue element="publisher" qualifier="none" language="en_US">Singapore:&#x20;International&#x20;Society&#x20;of&#x20;the&#x20;Learning&#x20;Sciences</dcvalue>
      <dcvalue element="title" qualifier="none" language="en_US">Designing for Effective Collaborative Learning in High-Needs Rural Classrooms</dcvalue>
      <dcvalue element="type" qualifier="none" language="en_US">Book&#x20;chapter</dcvalue>
      &lt;dc:subject xml:lang="en"&gt;Collaboration&lt;/dc:subject&gt;
&lt;dc:subject xml:lang="en"&gt;Technology&lt;/dc:subject&gt;
&lt;dc:subject xml:lang="en"&gt;Classroom Orchestration&lt;/dc:subject&gt;
&lt;dc:subject xml:lang="en"&gt;Macro- &amp; Micro-scripting&lt;/dc:subject&gt;
    </dublin_core>