<?xml version="1.0" encoding="utf-8" standalone="no"?>
    <dublin_core schema="dc">
    <dcvalue element="contributor" qualifier="author">Moussavi, Raha</dcvalue>
<dcvalue element="contributor" qualifier="author">Gobert, Janice</dcvalue>
<dcvalue element="contributor" qualifier="author">Pedro, Michael Sao</dcvalue>
      <dcvalue element="date" qualifier="accessioned">2017-06-19T11:36:27Z</dcvalue>
      <dcvalue element="date" qualifier="available">2017-06-19T11:36:27Z</dcvalue>
      <dcvalue element="date" qualifier="issued">2016-07</dcvalue>
      <dcvalue element="identifier" qualifier="citation" language="en_US">Moussavi, R., Gobert, J., &amp; Pedro, M. S.&#x20;(2016).&#x20;The Effect of Scaffolding on the Immediate Transfer of Students’ Data Interpretation Skills Within Science Topics&#x20;In&#x20;Looi,&#x20;C.&#x20;K.,&#x20;Polman,&#x20;J.&#x20;L.,&#x20;Cress,&#x20;U.,&#x20;and&#x20;Reimann,&#x20;P.&#x20;(Eds.).&#x20;Transforming&#x20;Learning,&#x20;Empowering&#x20;Learners:&#x20;The&#x20;International&#x20;Conference&#x20;of&#x20;the&#x20;Learning&#x20;Sciences&#x20;(ICLS)&#x20;2016,&#x20;Volume&#x20;2.&#x20;Singapore:&#x20;International&#x20;Society&#x20;of&#x20;the&#x20;Learning&#x20;Sciences,&#x20;pp.&#x20;35-43.</dcvalue>
      <dcvalue element="identifier" qualifier="uri">https://doi.dx.org&#x2F;10.22318&#x2F;icls2016.157</dcvalue>
      <dcvalue element="description" qualifier="abstract" language="en_US">Cultivating science inquiry skills is increasingly seen as important to students’ science literacy and effective scaffolding can support productive and successful inquiry practices. In this paper, we examine the evaluations of data interpretation practices of students who conducted inquiry within Inq-ITS, an intelligent tutoring system for science. We trace students’ progress on data interpretation tasks to a new science topic after having received scaffolds that assist with the procedural aspects of data interpretation. Results show that, overall, after receiving data interpretation scaffolds within the system, students were more skilled at interpreting data in the new topic. However, there were still certain aspects of data interpretation with which students experienced difficulty after receiving the scaffolding. </dcvalue>
      <dcvalue element="language" qualifier="iso" language="en_US">en</dcvalue>
      <dcvalue element="publisher" qualifier="none" language="en_US">Singapore:&#x20;International&#x20;Society&#x20;of&#x20;the&#x20;Learning&#x20;Sciences</dcvalue>
      <dcvalue element="title" qualifier="none" language="en_US">The Effect of Scaffolding on the Immediate Transfer of Students’ Data Interpretation Skills Within Science Topics</dcvalue>
      <dcvalue element="type" qualifier="none" language="en_US">Book&#x20;chapter</dcvalue>
      &lt;dc:subject xml:lang="en"&gt;science inquiry&lt;/dc:subject&gt;
&lt;dc:subject xml:lang="en"&gt;intelligent tutoring systems&lt;/dc:subject&gt;
&lt;dc:subject xml:lang="en"&gt;data interpretation skills&lt;/dc:subject&gt;
&lt;dc:subject xml:lang="en"&gt;scaffolding&lt;/dc:subject&gt;
    </dublin_core>