<?xml version="1.0" encoding="utf-8" standalone="no"?>
    <dublin_core schema="dc">
    <dcvalue element="contributor" qualifier="author">Koh, Elizabeth</dcvalue>
<dcvalue element="contributor" qualifier="author">Shibani, Antonette</dcvalue>
<dcvalue element="contributor" qualifier="author">Hong, Helen</dcvalue>
      <dcvalue element="date" qualifier="accessioned">2017-06-19T11:35:48Z</dcvalue>
      <dcvalue element="date" qualifier="available">2017-06-19T11:35:48Z</dcvalue>
      <dcvalue element="date" qualifier="issued">2016-07</dcvalue>
      <dcvalue element="identifier" qualifier="citation" language="en_US">Koh, E., Shibani, A., &amp; Hong, H.&#x20;(2016).&#x20;Teamwork in the Balance: Exploratory Findings of Teamwork Competency Patterns in Effective Learning Teams&#x20;In&#x20;Looi,&#x20;C.&#x20;K.,&#x20;Polman,&#x20;J.&#x20;L.,&#x20;Cress,&#x20;U.,&#x20;and&#x20;Reimann,&#x20;P.&#x20;(Eds.).&#x20;Transforming&#x20;Learning,&#x20;Empowering&#x20;Learners:&#x20;The&#x20;International&#x20;Conference&#x20;of&#x20;the&#x20;Learning&#x20;Sciences&#x20;(ICLS)&#x20;2016,&#x20;Volume&#x20;2.&#x20;Singapore:&#x20;International&#x20;Society&#x20;of&#x20;the&#x20;Learning&#x20;Sciences,&#x20;pp.&#x20;35-43.</dcvalue>
      <dcvalue element="identifier" qualifier="uri">https://doi.dx.org&#x2F;10.22318&#x2F;icls2016.125</dcvalue>
      <dcvalue element="description" qualifier="abstract" language="en_US">Teamwork is an important life skill and competency for 21st century learners. It also contributes to effective learning teams. In this exploratory study, we examine the different levels of team effectiveness and describe the varying patterns of teamwork competency dimensions from students’ online problem-solving chatlogs. We employed two types of measures for a holistic understanding of team effectiveness, namely, task performance scores and learners’ perception of how effective they are as a team. Teams were categorized into four levels of team effectiveness based on the measures. A content analysis of teamwork competency dimensions was also performed. Our findings revealed the need for balance in teamwork competency behaviors for effective learning teams. Insights from the findings could lead to design principles for interventions to nurture teamwork competency in our 21st century learners.</dcvalue>
      <dcvalue element="language" qualifier="iso" language="en_US">en</dcvalue>
      <dcvalue element="publisher" qualifier="none" language="en_US">Singapore:&#x20;International&#x20;Society&#x20;of&#x20;the&#x20;Learning&#x20;Sciences</dcvalue>
      <dcvalue element="title" qualifier="none" language="en_US">Teamwork in the Balance: Exploratory Findings of Teamwork Competency Patterns in Effective Learning Teams</dcvalue>
      <dcvalue element="type" qualifier="none" language="en_US">Book&#x20;chapter</dcvalue>
      &lt;dc:subject xml:lang="en"&gt;teamwork&lt;/dc:subject&gt;
&lt;dc:subject xml:lang="en"&gt;21st century skills&lt;/dc:subject&gt;
&lt;dc:subject xml:lang="en"&gt;effective learning teams&lt;/dc:subject&gt;
&lt;dc:subject xml:lang="en"&gt;CSCL&lt;/dc:subject&gt;
    </dublin_core>