<?xml version="1.0" encoding="utf-8" standalone="no"?>
    <dublin_core schema="dc">
    <dcvalue element="contributor" qualifier="author">Rick, Jochen</dcvalue>
<dcvalue element="contributor" qualifier="author">Kopp, Daniel</dcvalue>
<dcvalue element="contributor" qualifier="author">Schmitt, Lara</dcvalue>
<dcvalue element="contributor" qualifier="author">Weinberger, Armin</dcvalue>
      <dcvalue element="date" qualifier="accessioned">2017-06-19T14:15:51Z</dcvalue>
      <dcvalue element="date" qualifier="available">2017-06-19T14:15:51Z</dcvalue>
      <dcvalue element="date" qualifier="issued">2015-07</dcvalue>
      <dcvalue element="identifier" qualifier="citation" language="en_US">Rick, J., Kopp, D., Schmitt, L., &amp; Weinberger, A.&#x20;(2015).&#x20;Tarzan and Jane Share an iPad&#x20;In&#x20; Lindwall,&#x20;O.,&#x20;Häkkinen,&#x20;P.,&#x20;Koschman,&#x20;T.&#x20;Tchounikine,&#x20;P.&#x20;&#x20;Ludvigsen,&#x20;S.&#x20;(Eds.)&#x20;(2015).&#x20;Exploring&#x20;the&#x20;Material&#x20;Conditions&#x20;of&#x20;Learning:&#x20;The&#x20;Computer&#x20;Supported&#x20;Collaborative&#x20;Learning&#x20;(CSCL)&#x20;Conference&#x20;2015,&#x20;Volume&#x20;1.&#x20;Gothenburg,&#x20;Sweden:&#x20;The&#x20;International&#x20;Society&#x20;of&#x20;the&#x20;Learning&#x20;Sciences.</dcvalue>
      <dcvalue element="identifier" qualifier="uri">https://doi.dx.org&#x2F;10.22318&#x2F;cscl2015.334</dcvalue>
      <dcvalue element="description" qualifier="abstract" language="en_US">Increasingly, tablets are entering children’s lives and the classroom. We developed the Proportion iPad application to investigate how tablets can support at-device collaborative learning. We provide a microanalysis of a particularly successful dyad to concretely demonstrate our vision of at-tablet collaboration. We analyze the processes of strategy development, territoriality, modes of collaboration, emotion regulation and task focus.
</dcvalue>
      <dcvalue element="language" qualifier="iso" language="en_US">en</dcvalue>
      <dcvalue element="publisher" qualifier="none" language="en_US"> International&#x20;Society&#x20;of&#x20;the&#x20;Learning&#x20;Sciences,&#x20;Inc.&#x20;[ISLS].</dcvalue>
      <dcvalue element="title" qualifier="none" language="en_US">Tarzan and Jane Share an iPad</dcvalue>
      <dcvalue element="type" qualifier="none" language="en_US">Book&#x20;chapter</dcvalue>
      <dc:subject xml:lang="en">Tarzan and Jane Share an iPad</dc:subject>
    </dublin_core>