<?xml version="1.0" encoding="utf-8" standalone="no"?>
    <dublin_core schema="dc">
    <dcvalue element="contributor" qualifier="author">Heimbuch, Sven</dcvalue>
<dcvalue element="contributor" qualifier="author">Bodemer, Daniel</dcvalue>
      <dcvalue element="date" qualifier="accessioned">2017-06-19T11:35:58Z</dcvalue>
      <dcvalue element="date" qualifier="available">2017-06-19T11:35:58Z</dcvalue>
      <dcvalue element="date" qualifier="issued">2016-07</dcvalue>
      <dcvalue element="identifier" qualifier="citation" language="en_US">Heimbuch, S. &amp; Bodemer, D.&#x20;(2016).&#x20;Effects of Implicit Guidance on Contribution Quality in a Wiki-Based Learning Environment&#x20;In&#x20;Looi,&#x20;C.&#x20;K.,&#x20;Polman,&#x20;J.&#x20;L.,&#x20;Cress,&#x20;U.,&#x20;and&#x20;Reimann,&#x20;P.&#x20;(Eds.).&#x20;Transforming&#x20;Learning,&#x20;Empowering&#x20;Learners:&#x20;The&#x20;International&#x20;Conference&#x20;of&#x20;the&#x20;Learning&#x20;Sciences&#x20;(ICLS)&#x20;2016,&#x20;Volume&#x20;2.&#x20;Singapore:&#x20;International&#x20;Society&#x20;of&#x20;the&#x20;Learning&#x20;Sciences,&#x20;pp.&#x20;35-43.</dcvalue>
      <dcvalue element="identifier" qualifier="uri">https://doi.dx.org&#x2F;10.22318&#x2F;icls2016.133</dcvalue>
      <dcvalue element="description" qualifier="abstract" language="en_US">Learning within the scope of collaborative knowledge construction with Wikis offers opportunities for triggering socio-cognitive conflicts through controversies. Since the nature of discussions between users in Wikis is not easily recognisable, we were investigating the effects of visual highlighting as controversy awareness information. In this study we wanted to enable N = 81 participants to produce contributions of higher quality due to focused selection towards relevant contents. We conducted both qualitative and quantitative analyses on Wiki contributions. The addition of visual highlights indicating controversies reinforced students to direct their attention towards important contents discussing the study’s subject matter. When their selection behaviour was positively influenced it resulted in higher quality and more elaborate contributions to discussion threads and to the final revision of an article. We conclude that unobtrusive implicit guidance can facilitate collaborative knowledge construction processes and outcomes. </dcvalue>
      <dcvalue element="language" qualifier="iso" language="en_US">en</dcvalue>
      <dcvalue element="publisher" qualifier="none" language="en_US">Singapore:&#x20;International&#x20;Society&#x20;of&#x20;the&#x20;Learning&#x20;Sciences</dcvalue>
      <dcvalue element="title" qualifier="none" language="en_US">Effects of Implicit Guidance on Contribution Quality in a Wiki-Based Learning Environment</dcvalue>
      <dcvalue element="type" qualifier="none" language="en_US">Book&#x20;chapter</dcvalue>
      &lt;dc:subject xml:lang="en"&gt;Web 2.0 tools&lt;/dc:subject&gt;
&lt;dc:subject xml:lang="en"&gt;Collaborative knowledge building&lt;/dc:subject&gt;
&lt;dc:subject xml:lang="en"&gt;Computer support for collaborative learning&lt;/dc:subject&gt;
&lt;dc:subject xml:lang="en"&gt;Wikis&lt;/dc:subject&gt;
    </dublin_core>