<?xml version="1.0" encoding="utf-8" standalone="no"?>
    <dublin_core schema="dc">
    <dcvalue element="contributor" qualifier="author">Becker, Sandra</dcvalue>
<dcvalue element="contributor" qualifier="author">Pekrun, Reinhard</dcvalue>
<dcvalue element="contributor" qualifier="author">Ufer, Stefan</dcvalue>
<dcvalue element="contributor" qualifier="author">Meier, Elisabeth</dcvalue>
      <dcvalue element="date" qualifier="accessioned">2017-06-19T11:36:31Z</dcvalue>
      <dcvalue element="date" qualifier="available">2017-06-19T11:36:31Z</dcvalue>
      <dcvalue element="date" qualifier="issued">2016-07</dcvalue>
      <dcvalue element="identifier" qualifier="citation" language="en_US">Becker, S., Pekrun, R., Ufer, S., &amp; Meier, E.&#x20;(2016).&#x20;The Function of Epistemic Emotions for Complex Reasoning in Mathematics&#x20;In&#x20;Looi,&#x20;C.&#x20;K.,&#x20;Polman,&#x20;J.&#x20;L.,&#x20;Cress,&#x20;U.,&#x20;and&#x20;Reimann,&#x20;P.&#x20;(Eds.).&#x20;Transforming&#x20;Learning,&#x20;Empowering&#x20;Learners:&#x20;The&#x20;International&#x20;Conference&#x20;of&#x20;the&#x20;Learning&#x20;Sciences&#x20;(ICLS)&#x20;2016,&#x20;Volume&#x20;2.&#x20;Singapore:&#x20;International&#x20;Society&#x20;of&#x20;the&#x20;Learning&#x20;Sciences,&#x20;pp.&#x20;35-43.</dcvalue>
      <dcvalue element="identifier" qualifier="uri">https://doi.dx.org&#x2F;10.22318&#x2F;icls2016.161</dcvalue>
      <dcvalue element="description" qualifier="abstract" language="en_US">This study examined how epistemic emotions, motivational mechanisms, and their effects are linked during complex reasoning in mathematics. Data were collected from 80 university students enrolled in mathematics study programs. Participants first answered a series of multiple choice questions regarding knowledge of basic geometry theorems and afterwards solved a complex proof task. Immediately upon task completion, students reported their epistemic emotions as well as motivation during the task. Path analyses revealed that epistemic emotions during problem solving predicted the motivation students invested in solving the complex reasoning task. Finally, intrinsic motivation positively predicted task performance. The findings suggest complex linkages of epistemic emotions with motivational mechanisms during reasoning and knowledge generating processes and demonstrate the adaptive and maladaptive functions of epistemic emotions. Consequently their role for complex reasoning should be considered in future research and can guide instructional design to foster reasoning in mathematics.</dcvalue>
      <dcvalue element="language" qualifier="iso" language="en_US">en</dcvalue>
      <dcvalue element="publisher" qualifier="none" language="en_US">Singapore:&#x20;International&#x20;Society&#x20;of&#x20;the&#x20;Learning&#x20;Sciences</dcvalue>
      <dcvalue element="title" qualifier="none" language="en_US">The Function of Epistemic Emotions for Complex Reasoning in Mathematics</dcvalue>
      <dcvalue element="type" qualifier="none" language="en_US">Book&#x20;chapter</dcvalue>
      &lt;dc:subject xml:lang="en"&gt;mathematics&lt;/dc:subject&gt;
&lt;dc:subject xml:lang="en"&gt;epistemic emotions&lt;/dc:subject&gt;
&lt;dc:subject xml:lang="en"&gt;reasoning&lt;/dc:subject&gt;
&lt;dc:subject xml:lang="en"&gt;motivation&lt;/dc:subject&gt;
    </dublin_core>