<?xml version="1.0" encoding="utf-8" standalone="no"?>
    <dublin_core schema="dc">
    <dcvalue element="contributor" qualifier="author">Gaydos, Matthew</dcvalue>
<dcvalue element="contributor" qualifier="author">Jan, Mingfong</dcvalue>
      <dcvalue element="date" qualifier="accessioned">2017-06-19T14:15:51Z</dcvalue>
      <dcvalue element="date" qualifier="available">2017-06-19T14:15:51Z</dcvalue>
      <dcvalue element="date" qualifier="issued">2015-07</dcvalue>
      <dcvalue element="identifier" qualifier="citation" language="en_US">Gaydos, M. &amp; Jan, M.&#x20;(2015).&#x20;Design in Game-Based Learning&#x20;In&#x20; Lindwall,&#x20;O.,&#x20;Häkkinen,&#x20;P.,&#x20;Koschman,&#x20;T.&#x20;Tchounikine,&#x20;P.&#x20;&#x20;Ludvigsen,&#x20;S.&#x20;(Eds.)&#x20;(2015).&#x20;Exploring&#x20;the&#x20;Material&#x20;Conditions&#x20;of&#x20;Learning:&#x20;The&#x20;Computer&#x20;Supported&#x20;Collaborative&#x20;Learning&#x20;(CSCL)&#x20;Conference&#x20;2015,&#x20;Volume&#x20;1.&#x20;Gothenburg,&#x20;Sweden:&#x20;The&#x20;International&#x20;Society&#x20;of&#x20;the&#x20;Learning&#x20;Sciences.</dcvalue>
      <dcvalue element="identifier" qualifier="uri">https://doi.dx.org&#x2F;10.22318&#x2F;cscl2015.353</dcvalue>
      <dcvalue element="description" qualifier="abstract" language="en_US">Educational games have shown promise as a technology that can improve learning, and education, but research has yet to produce games that can consistently and sustainably fulfill this promise. One reason to the shortcomings of research may be that game based approaches, including design approaches, have thus far focused on developing domain-based theories and methods of research and design and have tended to neglect design frameworks. In this paper, we identify design as an area that will be necessary to study in order to develop effective educational games and suggest that literature begins by presenting failure in design in order to identify what needs to be improved. 
</dcvalue>
      <dcvalue element="language" qualifier="iso" language="en_US">en</dcvalue>
      <dcvalue element="publisher" qualifier="none" language="en_US"> International&#x20;Society&#x20;of&#x20;the&#x20;Learning&#x20;Sciences,&#x20;Inc.&#x20;[ISLS].</dcvalue>
      <dcvalue element="title" qualifier="none" language="en_US">Design in Game-Based Learning</dcvalue>
      <dcvalue element="type" qualifier="none" language="en_US">Book&#x20;chapter</dcvalue>
      <dc:subject xml:lang="en">Design in Game-Based Learning</dc:subject>
<dc:subject xml:lang="en">educational games</dc:subject>
<dc:subject xml:lang="en">learning</dc:subject>
<dc:subject xml:lang="en">design research</dc:subject>
<dc:subject xml:lang="en">design frameworks</dc:subject>
    </dublin_core>