<?xml version="1.0" encoding="utf-8" standalone="no"?>
    <dublin_core schema="dc">
    <dcvalue element="contributor" qualifier="author">Engeström, Yrjö</dcvalue>
<dcvalue element="contributor" qualifier="author">Sannino, Annalisa</dcvalue>
<dcvalue element="contributor" qualifier="author">Bal, Aydin</dcvalue>
<dcvalue element="contributor" qualifier="author">Lotz-Sisitka, Heila</dcvalue>
<dcvalue element="contributor" qualifier="author">Pesanayi, Tichaona</dcvalue>
<dcvalue element="contributor" qualifier="author">Chikunda, Charles</dcvalue>
<dcvalue element="contributor" qualifier="author">Lesama, Manoel Flores</dcvalue>
<dcvalue element="contributor" qualifier="author">Picinatto, Antonio Carlos</dcvalue>
<dcvalue element="contributor" qualifier="author">Querol, Marco Pereira</dcvalue>
<dcvalue element="contributor" qualifier="author">Lee, Yew Jin</dcvalue>
      <dcvalue element="date" qualifier="accessioned">2017-06-19T11:36:38Z</dcvalue>
      <dcvalue element="date" qualifier="available">2017-06-19T11:36:38Z</dcvalue>
      <dcvalue element="date" qualifier="issued">2016-07</dcvalue>
      <dcvalue element="identifier" qualifier="citation" language="en_US">Engeström, Y., Sannino, A., Bal, A., Lotz-Sisitka, H., Pesanayi, T., Chikunda, C., Lesama, M. F., Picinatto, A. C., Querol, M. P., &amp; Lee, Y. J.&#x20;(2016).&#x20;Agentive Learning for Sustainability and Equity: Communities, Cooperatives and Social Movements as Emerging Foci of the Learning Sciences&#x20;In&#x20;Looi,&#x20;C.&#x20;K.,&#x20;Polman,&#x20;J.&#x20;L.,&#x20;Cress,&#x20;U.,&#x20;and&#x20;Reimann,&#x20;P.&#x20;(Eds.).&#x20;Transforming&#x20;Learning,&#x20;Empowering&#x20;Learners:&#x20;The&#x20;International&#x20;Conference&#x20;of&#x20;the&#x20;Learning&#x20;Sciences&#x20;(ICLS)&#x20;2016,&#x20;Volume&#x20;2.&#x20;Singapore:&#x20;International&#x20;Society&#x20;of&#x20;the&#x20;Learning&#x20;Sciences,&#x20;pp.&#x20;35-43.</dcvalue>
      <dcvalue element="identifier" qualifier="uri">https://doi.dx.org&#x2F;10.22318&#x2F;icls2016.165</dcvalue>
      <dcvalue element="description" qualifier="abstract" language="en_US">This symposium expands the object and scope of the learning sciences by introducing communities, cooperatives and social movements as crucially important sites of learning. The symposium papers employ and critically interrogate cultural-historical activity theory, specifically the theory of expansive learning, and the emerging methodology of formative interventions as a potential framework for dealing with learning in communities, cooperatives and social movements. Expansive learning emerges as a process of revitalizing the commons, or commoning. The contributions of the symposium point toward the importance of analyzing and fostering transformative agency as a quality of learning. </dcvalue>
      <dcvalue element="language" qualifier="iso" language="en_US">en</dcvalue>
      <dcvalue element="publisher" qualifier="none" language="en_US">Singapore:&#x20;International&#x20;Society&#x20;of&#x20;the&#x20;Learning&#x20;Sciences</dcvalue>
      <dcvalue element="title" qualifier="none" language="en_US">Agentive Learning for Sustainability and Equity: Communities, Cooperatives and Social Movements as Emerging Foci of the Learning Sciences</dcvalue>
      <dcvalue element="type" qualifier="none" language="en_US">Book&#x20;chapter</dcvalue>
      &lt;dc:subject xml:lang="en"&gt;representational tools&lt;/dc:subject&gt;
&lt;dc:subject xml:lang="en"&gt;history or social sciences&lt;/dc:subject&gt;
&lt;dc:subject xml:lang="en"&gt;action research&lt;/dc:subject&gt;
&lt;dc:subject xml:lang="en"&gt;case study&lt;/dc:subject&gt;
&lt;dc:subject xml:lang="en"&gt;ethnography&lt;/dc:subject&gt;
&lt;dc:subject xml:lang="en"&gt;community-based research&lt;/dc:subject&gt;
&lt;dc:subject xml:lang="en"&gt;informal learning settings&lt;/dc:subject&gt;
&lt;dc:subject xml:lang="en"&gt;reflexive relations between theories and methods&lt;/dc:subject&gt;
    </dublin_core>