<?xml version="1.0" encoding="utf-8" standalone="no"?>
    <dublin_core schema="dc">
    <dcvalue element="contributor" qualifier="author">Ziebarth, Sabrina</dcvalue>
<dcvalue element="contributor" qualifier="author">Neubaum, German</dcvalue>
<dcvalue element="contributor" qualifier="author">Kyewski, Elias</dcvalue>
<dcvalue element="contributor" qualifier="author">Krämer, Nicole</dcvalue>
<dcvalue element="contributor" qualifier="author">Hoppe, H. Ulrich</dcvalue>
<dcvalue element="contributor" qualifier="author">Hecking, Tobias</dcvalue>
<dcvalue element="contributor" qualifier="author">Eimler, Sabrina</dcvalue>
      <dcvalue element="date" qualifier="accessioned">2017-06-19T14:15:51Z</dcvalue>
      <dcvalue element="date" qualifier="available">2017-06-19T14:15:51Z</dcvalue>
      <dcvalue element="date" qualifier="issued">2015-07</dcvalue>
      <dcvalue element="identifier" qualifier="citation" language="en_US">Ziebarth, S., Neubaum, G., Kyewski, E., Krämer, N., Hoppe, H. U., Hecking, T., &amp; Eimler, S.&#x20;(2015).&#x20;Resource Usage in Online Courses: Analyzing Learner’s Active and Passive Participation Patterns&#x20;In&#x20; Lindwall,&#x20;O.,&#x20;Häkkinen,&#x20;P.,&#x20;Koschman,&#x20;T.&#x20;Tchounikine,&#x20;P.&#x20;&#x20;Ludvigsen,&#x20;S.&#x20;(Eds.)&#x20;(2015).&#x20;Exploring&#x20;the&#x20;Material&#x20;Conditions&#x20;of&#x20;Learning:&#x20;The&#x20;Computer&#x20;Supported&#x20;Collaborative&#x20;Learning&#x20;(CSCL)&#x20;Conference&#x20;2015,&#x20;Volume&#x20;1.&#x20;Gothenburg,&#x20;Sweden:&#x20;The&#x20;International&#x20;Society&#x20;of&#x20;the&#x20;Learning&#x20;Sciences.</dcvalue>
      <dcvalue element="identifier" qualifier="uri">https://doi.dx.org&#x2F;10.22318&#x2F;cscl2015.364</dcvalue>
      <dcvalue element="description" qualifier="abstract" language="en_US">The paper analyzes the experience with an open university course for a very heterogeneous target group in which MOOC-like materials and activities were used. The course was conducted in a specifically prepared and extended Moodle environment. The analysis involves questionnaires as well as performance data that reflect the resource access on the learning platform. A special focus is put on the participants’ acceptance and usage of student-generated versus teacher-provided learning content. Network analysis techniques have been used to identify "interest clusters" of students around certain resources.
</dcvalue>
      <dcvalue element="language" qualifier="iso" language="en_US">en</dcvalue>
      <dcvalue element="publisher" qualifier="none" language="en_US"> International&#x20;Society&#x20;of&#x20;the&#x20;Learning&#x20;Sciences,&#x20;Inc.&#x20;[ISLS].</dcvalue>
      <dcvalue element="title" qualifier="none" language="en_US">Resource Usage in Online Courses: Analyzing Learner’s Active and Passive Participation Patterns</dcvalue>
      <dcvalue element="type" qualifier="none" language="en_US">Book&#x20;chapter</dcvalue>
      <dc:subject xml:lang="en">Resource Usage in Online Courses: Analyzing Learner’s Active and Passive Participation Patterns</dc:subject>
<dc:subject xml:lang="en">large online courses</dc:subject>
<dc:subject xml:lang="en">learning analytics</dc:subject>
<dc:subject xml:lang="en">student-generated content</dc:subject>
    </dublin_core>