<?xml version="1.0" encoding="utf-8" standalone="no"?>
    <dublin_core schema="dc">
    <dcvalue element="contributor" qualifier="author">Yang, Yuqin</dcvalue>
<dcvalue element="contributor" qualifier="author">van Aalst, Jan</dcvalue>
      <dcvalue element="date" qualifier="accessioned">2017-06-19T14:15:51Z</dcvalue>
      <dcvalue element="date" qualifier="available">2017-06-19T14:15:51Z</dcvalue>
      <dcvalue element="date" qualifier="issued">2015-07</dcvalue>
      <dcvalue element="identifier" qualifier="citation" language="en_US">Yang, Y. &amp; van Aalst, J.&#x20;(2015).&#x20;Assessment and Collaborative Inquiry: A Review of Assessment-Based Interventions in Technology-Enhanced K-14 Education&#x20;In&#x20; Lindwall,&#x20;O.,&#x20;Häkkinen,&#x20;P.,&#x20;Koschman,&#x20;T.&#x20;Tchounikine,&#x20;P.&#x20;&#x20;Ludvigsen,&#x20;S.&#x20;(Eds.)&#x20;(2015).&#x20;Exploring&#x20;the&#x20;Material&#x20;Conditions&#x20;of&#x20;Learning:&#x20;The&#x20;Computer&#x20;Supported&#x20;Collaborative&#x20;Learning&#x20;(CSCL)&#x20;Conference&#x20;2015,&#x20;Volume&#x20;1.&#x20;Gothenburg,&#x20;Sweden:&#x20;The&#x20;International&#x20;Society&#x20;of&#x20;the&#x20;Learning&#x20;Sciences.</dcvalue>
      <dcvalue element="identifier" qualifier="uri">https://doi.dx.org&#x2F;10.22318&#x2F;cscl2015.192</dcvalue>
      <dcvalue element="description" qualifier="abstract" language="en_US">We provide a conceptual review of the research on assessment in technology-enhanced collaborative inquiry in K-14 education, published between 1994 and 2013. The 57 studies that satisfied our search criteria were coded using a framework that considered the nature of the assessment intervention, the purposes of the assessment intervention, and the role of technology in student learning. This allowed us to identify four types of assessment interventions. The findings indicated that only interventions in the immersion orientation seemed to help students learn how to learn. Such assessment practices enabled students to learn actively and to learn both disciplinary substance and metacognitive/regulative skills. However, relatively few studies clearly integrated assessment and learning. The main contributions of this study are the coding framework and the four patterns of assessment interventions. Together, they provide a new way of thinking about the design of practice. The review provides guidance for the shift of assessment practice to scaffold learning of this field.
</dcvalue>
      <dcvalue element="language" qualifier="iso" language="en_US">en</dcvalue>
      <dcvalue element="publisher" qualifier="none" language="en_US"> International&#x20;Society&#x20;of&#x20;the&#x20;Learning&#x20;Sciences,&#x20;Inc.&#x20;[ISLS].</dcvalue>
      <dcvalue element="title" qualifier="none" language="en_US">Assessment and Collaborative Inquiry: A Review of Assessment-Based Interventions in Technology-Enhanced K-14 Education</dcvalue>
      <dcvalue element="type" qualifier="none" language="en_US">Book&#x20;chapter</dcvalue>
      <dc:subject xml:lang="en">Assessment and Collaborative Inquiry: A Review of Assessment-Based Interventions in Technology-Enhanced K-14 Education</dc:subject>
<dc:subject xml:lang="en">assessment</dc:subject>
<dc:subject xml:lang="en">learning</dc:subject>
<dc:subject xml:lang="en">technology</dc:subject>
<dc:subject xml:lang="en">collaborative inquiry</dc:subject>
    </dublin_core>