<?xml version="1.0" encoding="utf-8" standalone="no"?>
    <dublin_core schema="dc">
    <dcvalue element="contributor" qualifier="author">Slotta, James D.</dcvalue>
<dcvalue element="contributor" qualifier="author">Hickey, Daniel</dcvalue>
<dcvalue element="contributor" qualifier="author">Rosé, Carolyn P.</dcvalue>
<dcvalue element="contributor" qualifier="author">Dillenbourg, Pierre</dcvalue>
<dcvalue element="contributor" qualifier="author">Najafi, Hedieh</dcvalue>
<dcvalue element="contributor" qualifier="author">Håklev, Stian</dcvalue>
<dcvalue element="contributor" qualifier="author">Uttamchandani, Suraj</dcvalue>
<dcvalue element="contributor" qualifier="author">Quick, Joshua</dcvalue>
      <dcvalue element="date" qualifier="accessioned">2017-06-19T11:36:53Z</dcvalue>
      <dcvalue element="date" qualifier="available">2017-06-19T11:36:53Z</dcvalue>
      <dcvalue element="date" qualifier="issued">2016-07</dcvalue>
      <dcvalue element="identifier" qualifier="citation" language="en_US">Slotta, J. D., Hickey, D., Rosé, C. P., Dillenbourg, P., Najafi, H., Håklev, S., Uttamchandani, S., &amp; Quick, J.&#x20;(2016).&#x20;The Learning Sciences @ Scale: Current Developments in Open Online Learning&#x20;In&#x20;Looi,&#x20;C.&#x20;K.,&#x20;Polman,&#x20;J.&#x20;L.,&#x20;Cress,&#x20;U.,&#x20;and&#x20;Reimann,&#x20;P.&#x20;(Eds.).&#x20;Transforming&#x20;Learning,&#x20;Empowering&#x20;Learners:&#x20;The&#x20;International&#x20;Conference&#x20;of&#x20;the&#x20;Learning&#x20;Sciences&#x20;(ICLS)&#x20;2016,&#x20;Volume&#x20;2.&#x20;Singapore:&#x20;International&#x20;Society&#x20;of&#x20;the&#x20;Learning&#x20;Sciences,&#x20;pp.&#x20;35-43.</dcvalue>
      <dcvalue element="identifier" qualifier="uri">https://doi.dx.org&#x2F;10.22318&#x2F;icls2016.174</dcvalue>
      <dcvalue element="description" qualifier="abstract" language="en_US">The explosive growth of MOOCs has generated immense interest in online learning in massive courses. However, much of this frenetic activity has emphasized technology and scalability (Reich, 2015), resulting in rudimentary learning experiences (i.e., brief streaming videos followed by quizzes or online discussion forums). This symposium will showcase and discuss four diverse efforts to advance open learning at scale that are directly informed by contemporary theories of learning and educational research methods. This includes research on inquiry-based community learning, computer-mediated discourse analysis, participatory approaches to learning and assessment, and evidence-rich digital-credentials. In each of the four cases, the desire to extend that program of research to learning at scale resulted in significant advances in the more general program of research. In this way the symposium explores efforts to foster learning at scale might advance our theories of learning and our principles and methods for learning design more generally.</dcvalue>
      <dcvalue element="language" qualifier="iso" language="en_US">en</dcvalue>
      <dcvalue element="publisher" qualifier="none" language="en_US">Singapore:&#x20;International&#x20;Society&#x20;of&#x20;the&#x20;Learning&#x20;Sciences</dcvalue>
      <dcvalue element="title" qualifier="none" language="en_US">The Learning Sciences @ Scale: Current Developments in Open Online Learning</dcvalue>
      <dcvalue element="type" qualifier="none" language="en_US">Book&#x20;chapter</dcvalue>
      &lt;dc:subject xml:lang="en"&gt;learning design&lt;/dc:subject&gt;
&lt;dc:subject xml:lang="en"&gt;online learning&lt;/dc:subject&gt;
&lt;dc:subject xml:lang="en"&gt;informal learning&lt;/dc:subject&gt;
&lt;dc:subject xml:lang="en"&gt;learning communities&lt;/dc:subject&gt;
    </dublin_core>