<?xml version="1.0" encoding="utf-8" standalone="no"?>
    <dublin_core schema="dc">
    <dcvalue element="contributor" qualifier="author">Svihla, Vanessa</dcvalue>
<dcvalue element="contributor" qualifier="author">Kittinger, Liza</dcvalue>
      <dcvalue element="date" qualifier="accessioned">2017-06-19T11:36:10Z</dcvalue>
      <dcvalue element="date" qualifier="available">2017-06-19T11:36:10Z</dcvalue>
      <dcvalue element="date" qualifier="issued">2016-07</dcvalue>
      <dcvalue element="identifier" qualifier="citation" language="en_US">Svihla, V. &amp; Kittinger, L.&#x20;(2016).&#x20;Agentic Trajectories: Development and Learning in a Project-Based High School for Marginalized Students&#x20;In&#x20;Looi,&#x20;C.&#x20;K.,&#x20;Polman,&#x20;J.&#x20;L.,&#x20;Cress,&#x20;U.,&#x20;and&#x20;Reimann,&#x20;P.&#x20;(Eds.).&#x20;Transforming&#x20;Learning,&#x20;Empowering&#x20;Learners:&#x20;The&#x20;International&#x20;Conference&#x20;of&#x20;the&#x20;Learning&#x20;Sciences&#x20;(ICLS)&#x20;2016,&#x20;Volume&#x20;2.&#x20;Singapore:&#x20;International&#x20;Society&#x20;of&#x20;the&#x20;Learning&#x20;Sciences,&#x20;pp.&#x20;35-43.</dcvalue>
      <dcvalue element="identifier" qualifier="uri">https://doi.dx.org&#x2F;10.22318&#x2F;icls2016.143</dcvalue>
      <dcvalue element="description" qualifier="abstract" language="en_US">Traditional approaches to schooling can marginalize already vulnerable students, preventing them from learning; we explore how agency might play a role in supporting such students to develop as learners in a project-based high school that employs design pedagogy. We first examine whether agency can explain variance in standardized mathematics scores. Regression analysis indicates home language and agency had a significant effect on mathematics scores. We then turn to data collected through extended participant observation to characterize decisions students make. Based on these, we detail a developmental agency trajectory: dis/engagement agency serves as a covert means for students to learn; makerly agency serves as an entry point for students to explore and develop interests, and designerly agency allows students to take ownership of design problems and learn as they do so. </dcvalue>
      <dcvalue element="language" qualifier="iso" language="en_US">en</dcvalue>
      <dcvalue element="publisher" qualifier="none" language="en_US">Singapore:&#x20;International&#x20;Society&#x20;of&#x20;the&#x20;Learning&#x20;Sciences</dcvalue>
      <dcvalue element="title" qualifier="none" language="en_US">Agentic Trajectories: Development and Learning in a Project-Based High School for Marginalized Students</dcvalue>
      <dcvalue element="type" qualifier="none" language="en_US">Book&#x20;chapter</dcvalue>
      &lt;dc:subject xml:lang="en"&gt;agency&lt;/dc:subject&gt;
&lt;dc:subject xml:lang="en"&gt;learning&lt;/dc:subject&gt;
&lt;dc:subject xml:lang="en"&gt;project-based learning&lt;/dc:subject&gt;
&lt;dc:subject xml:lang="en"&gt;design pedagogy&lt;/dc:subject&gt;
    </dublin_core>