<?xml version="1.0" encoding="utf-8" standalone="no"?>
    <dublin_core schema="dc">
    <dcvalue element="contributor" qualifier="author">Alameh, Sahar</dcvalue>
<dcvalue element="contributor" qualifier="author">Morphew, Jason</dcvalue>
<dcvalue element="contributor" qualifier="author">Mathayas, Nitasha</dcvalue>
<dcvalue element="contributor" qualifier="author">Lindgren, Robb</dcvalue>
      <dcvalue element="date" qualifier="accessioned">2017-06-19T11:36:28Z</dcvalue>
      <dcvalue element="date" qualifier="available">2017-06-19T11:36:28Z</dcvalue>
      <dcvalue element="date" qualifier="issued">2016-07</dcvalue>
      <dcvalue element="identifier" qualifier="citation" language="en_US">Alameh, S., Morphew, J., Mathayas, N., &amp; Lindgren, R.&#x20;(2016).&#x20;Exploring the Relationship Between Gesture and Student Reasoning Regarding Linear and Exponential Growth&#x20;In&#x20;Looi,&#x20;C.&#x20;K.,&#x20;Polman,&#x20;J.&#x20;L.,&#x20;Cress,&#x20;U.,&#x20;and&#x20;Reimann,&#x20;P.&#x20;(Eds.).&#x20;Transforming&#x20;Learning,&#x20;Empowering&#x20;Learners:&#x20;The&#x20;International&#x20;Conference&#x20;of&#x20;the&#x20;Learning&#x20;Sciences&#x20;(ICLS)&#x20;2016,&#x20;Volume&#x20;2.&#x20;Singapore:&#x20;International&#x20;Society&#x20;of&#x20;the&#x20;Learning&#x20;Sciences,&#x20;pp.&#x20;35-43.</dcvalue>
      <dcvalue element="identifier" qualifier="uri">https://doi.dx.org&#x2F;10.22318&#x2F;icls2016.158</dcvalue>
      <dcvalue element="description" qualifier="abstract" language="en_US">Leading middle school students to effectively reason with magnitude, small and large-scale quantities, and linear and exponential growth is a challenge facing science teachers in the U.S. working to implement the NGSS and its associated focus on crosscutting concepts. This paper examines the relationship between middle school students’ gestures and their reasoning about quantitative growth. For this study the authors developed interview protocols on several topics that involve numbers increasing linearly and exponentially. Students’ verbal and gestural responses during the interviews were transcribed, coded, categorized and analyzed. Results showed that students display a breadth of context-dependent gestures, that their verbal reasoning is associated with the type of gesture they produce, and that gesture-speech mismatches are present in middle school students’ reasoning about scale. Implications of this study include design guidelines for an interactive system that standardizes and structures scale-related gestures. </dcvalue>
      <dcvalue element="language" qualifier="iso" language="en_US">en</dcvalue>
      <dcvalue element="publisher" qualifier="none" language="en_US">Singapore:&#x20;International&#x20;Society&#x20;of&#x20;the&#x20;Learning&#x20;Sciences</dcvalue>
      <dcvalue element="title" qualifier="none" language="en_US">Exploring the Relationship Between Gesture and Student Reasoning Regarding Linear and Exponential Growth</dcvalue>
      <dcvalue element="type" qualifier="none" language="en_US">Book&#x20;chapter</dcvalue>
      &lt;dc:subject xml:lang="en"&gt;quantitative growth&lt;/dc:subject&gt;
&lt;dc:subject xml:lang="en"&gt;student gestures&lt;/dc:subject&gt;
&lt;dc:subject xml:lang="en"&gt;gesture-speech mismatch&lt;/dc:subject&gt;
&lt;dc:subject xml:lang="en"&gt;educational games&lt;/dc:subject&gt;
    </dublin_core>