<?xml version="1.0" encoding="utf-8" standalone="no"?>
    <dublin_core schema="dc">
    <dcvalue element="contributor" qualifier="author">da Silva, Glauco S. F.</dcvalue>
<dcvalue element="contributor" qualifier="author">Barcellos, Marcília E.</dcvalue>
<dcvalue element="contributor" qualifier="author">de Souza, Elisabeth G.</dcvalue>
      <dcvalue element="date" qualifier="accessioned">2017-06-19T11:36:15Z</dcvalue>
      <dcvalue element="date" qualifier="available">2017-06-19T11:36:15Z</dcvalue>
      <dcvalue element="date" qualifier="issued">2016-07</dcvalue>
      <dcvalue element="identifier" qualifier="citation" language="en_US">da Silva, G. S., Barcellos, M. E., &amp; de Souza, E. G.&#x20;(2016).&#x20;Mauá Project: Citizenship and Environment Educational as Pathway to Critical Thinking and Students' Empowerment &#x20;In&#x20;Looi,&#x20;C.&#x20;K.,&#x20;Polman,&#x20;J.&#x20;L.,&#x20;Cress,&#x20;U.,&#x20;and&#x20;Reimann,&#x20;P.&#x20;(Eds.).&#x20;Transforming&#x20;Learning,&#x20;Empowering&#x20;Learners:&#x20;The&#x20;International&#x20;Conference&#x20;of&#x20;the&#x20;Learning&#x20;Sciences&#x20;(ICLS)&#x20;2016,&#x20;Volume&#x20;2.&#x20;Singapore:&#x20;International&#x20;Society&#x20;of&#x20;the&#x20;Learning&#x20;Sciences,&#x20;pp.&#x20;35-43.</dcvalue>
      <dcvalue element="identifier" qualifier="uri">https://doi.dx.org&#x2F;10.22318&#x2F;icls2016.147</dcvalue>
      <dcvalue element="description" qualifier="abstract" language="en_US">This article aims to present preliminary results of an ongoing research project linking environmental education and citizenship engagement. We will illustrate the actions of the students engaged in the project to draw their classmates’ attention to the school and the environmental issues surrounding them. Particularly, we will focus on the particular on a seminar prepared and presented by the students to disclose the results of a survey conducted of all students in the school. Our preliminary findings suggest that citizenship engagement actions in the school provide students with social leadership (empowerment), and that they thus become agents of transformation in the school environment with a personal responsibility and participatory attitude. </dcvalue>
      <dcvalue element="language" qualifier="iso" language="en_US">en</dcvalue>
      <dcvalue element="publisher" qualifier="none" language="en_US">Singapore:&#x20;International&#x20;Society&#x20;of&#x20;the&#x20;Learning&#x20;Sciences</dcvalue>
      <dcvalue element="title" qualifier="none" language="en_US">Mauá Project: Citizenship and Environment Educational as Pathway to Critical Thinking and Students' Empowerment </dcvalue>
      <dcvalue element="type" qualifier="none" language="en_US">Book&#x20;chapter</dcvalue>
      &lt;dc:subject xml:lang="en"&gt;Environmental Education&lt;/dc:subject&gt;
&lt;dc:subject xml:lang="en"&gt;Students Engagement&lt;/dc:subject&gt;
&lt;dc:subject xml:lang="en"&gt;Citizenship&lt;/dc:subject&gt;
&lt;dc:subject xml:lang="en"&gt;Generative Themes&lt;/dc:subject&gt;
    </dublin_core>