<?xml version="1.0" encoding="utf-8" standalone="no"?>
    <dublin_core schema="dc">
    <dcvalue element="contributor" qualifier="author">Yoon, Susan A.</dcvalue>
<dcvalue element="contributor" qualifier="author">Anderson, Emma</dcvalue>
<dcvalue element="contributor" qualifier="author">Koehler-Yom, Jessica</dcvalue>
<dcvalue element="contributor" qualifier="author">Klopfer, Eric</dcvalue>
<dcvalue element="contributor" qualifier="author">Sheldon, Josh</dcvalue>
<dcvalue element="contributor" qualifier="author">Wendel, Daniel</dcvalue>
<dcvalue element="contributor" qualifier="author">Schoenfeld, Ilana</dcvalue>
<dcvalue element="contributor" qualifier="author">Scheintaub, Hal</dcvalue>
<dcvalue element="contributor" qualifier="author">Oztok, Murat</dcvalue>
<dcvalue element="contributor" qualifier="author">Evans, Chad</dcvalue>
      <dcvalue element="date" qualifier="accessioned">2017-06-19T14:15:51Z</dcvalue>
      <dcvalue element="date" qualifier="available">2017-06-19T14:15:51Z</dcvalue>
      <dcvalue element="date" qualifier="issued">2015-07</dcvalue>
      <dcvalue element="identifier" qualifier="citation" language="en_US">Yoon, S. A., Anderson, E., Koehler-Yom, J., Klopfer, E., Sheldon, J., Wendel, D., Schoenfeld, I., Scheintaub, H., Oztok, M., &amp; Evans, C.&#x20;(2015).&#x20;Design Features for Computer-Supported Complex Systems Learning and Teaching in High School Science Classrooms&#x20;In&#x20; Lindwall,&#x20;O.,&#x20;Häkkinen,&#x20;P.,&#x20;Koschman,&#x20;T.&#x20;Tchounikine,&#x20;P.&#x20;&#x20;Ludvigsen,&#x20;S.&#x20;(Eds.)&#x20;(2015).&#x20;Exploring&#x20;the&#x20;Material&#x20;Conditions&#x20;of&#x20;Learning:&#x20;The&#x20;Computer&#x20;Supported&#x20;Collaborative&#x20;Learning&#x20;(CSCL)&#x20;Conference&#x20;2015,&#x20;Volume&#x20;1.&#x20;Gothenburg,&#x20;Sweden:&#x20;The&#x20;International&#x20;Society&#x20;of&#x20;the&#x20;Learning&#x20;Sciences.</dcvalue>
      <dcvalue element="identifier" qualifier="uri">https://doi.dx.org&#x2F;10.22318&#x2F;cscl2015.165</dcvalue>
      <dcvalue element="description" qualifier="abstract" language="en_US">While research on teaching and learning about complex systems has achieved solid grounding in the learning sciences, few educational studies have focused on articulating design features for classroom implementation that can serve a modular purpose for building curricular and instructional experiences. Furthermore, despite the fact that several studies describe important roles for teachers in constructing successful classroom learning experiences, only a few of them examine how teachers’ instructional practices, knowledge, and beliefs influence student learning outcomes and the extent to which teachers are interested and willing to teach through complex systems approaches. Furthermore, we do not know what supports teachers themselves say that they need to teach about complex systems in their classrooms. In this study, we present a curriculum and instruction framework that outlines how teaching and learning about complex systems in high school science classroom contexts can be done. We articulate the features of the framework and provide examples of how the framework is translated into practice. We follow with evidence from an exploratory study conducted with 10 teachers and over 300 students aimed at understanding change in teachers’ instructional practices; the extent to which students learned from the activities; what teachers’ perceptions were in terms of utility and usability; and what other supports teachers needed. 
</dcvalue>
      <dcvalue element="language" qualifier="iso" language="en_US">en</dcvalue>
      <dcvalue element="publisher" qualifier="none" language="en_US"> International&#x20;Society&#x20;of&#x20;the&#x20;Learning&#x20;Sciences,&#x20;Inc.&#x20;[ISLS].</dcvalue>
      <dcvalue element="title" qualifier="none" language="en_US">Design Features for Computer-Supported Complex Systems Learning and Teaching in High School Science Classrooms</dcvalue>
      <dcvalue element="type" qualifier="none" language="en_US">Book&#x20;chapter</dcvalue>
      <dc:subject xml:lang="en">Design Features for Computer-Supported Complex Systems Learning and Teaching in High School Science Classrooms</dc:subject>
<dc:subject xml:lang="en">innovative design approach</dc:subject>
<dc:subject xml:lang="en">teaching</dc:subject>
<dc:subject xml:lang="en">science education</dc:subject>
<dc:subject xml:lang="en">learning outcomes</dc:subject>
    </dublin_core>