<?xml version="1.0" encoding="utf-8" standalone="no"?>
    <dublin_core schema="dc">
    <dcvalue element="contributor" qualifier="author">Kapon, Shulamit</dcvalue>
<dcvalue element="contributor" qualifier="author">Laherto, Antti</dcvalue>
<dcvalue element="contributor" qualifier="author">Levrini, Olivia</dcvalue>
      <dcvalue element="date" qualifier="accessioned">2017-06-19T11:35:39Z</dcvalue>
      <dcvalue element="date" qualifier="available">2017-06-19T11:35:39Z</dcvalue>
      <dcvalue element="date" qualifier="issued">2016-07</dcvalue>
      <dcvalue element="identifier" qualifier="citation" language="en_US">Kapon, S., Laherto, A., &amp; Levrini, O.&#x20;(2016).&#x20;Conceptualizing Authenticity and Relevance of Science Education in Interactional Terms&#x20;In&#x20;Looi,&#x20;C.&#x20;K.,&#x20;Polman,&#x20;J.&#x20;L.,&#x20;Cress,&#x20;U.,&#x20;and&#x20;Reimann,&#x20;P.&#x20;(Eds.).&#x20;Transforming&#x20;Learning,&#x20;Empowering&#x20;Learners:&#x20;The&#x20;International&#x20;Conference&#x20;of&#x20;the&#x20;Learning&#x20;Sciences&#x20;(ICLS)&#x20;2016,&#x20;Volume&#x20;2.&#x20;Singapore:&#x20;International&#x20;Society&#x20;of&#x20;the&#x20;Learning&#x20;Sciences,&#x20;pp.&#x20;35-43.</dcvalue>
      <dcvalue element="identifier" qualifier="uri">https://doi.dx.org&#x2F;10.22318&#x2F;icls2016.117</dcvalue>
      <dcvalue element="description" qualifier="abstract" language="en_US">Authenticity and relevance are two terms that are often mentioned when criticizing the content and practice of science education in school. This paper examines the meaning of authenticity and relevance in science education from an interactional perspective. Particularly, it compares and contrasts authenticity with productive disciplinary engagement, and relevance with expansive framing.  We then use this comparison to discuss the tension between maintaining accountability to the discipline and fostering students’ agency and authority; a tension that is not sufficiently addressed in science education literature that addresses the conceptualization of authenticity and relevance. We suggest a research agenda that aims to resolve this tension by problematizing and articulating in fine detail the theoretical meaning of productive disciplinary engagement and expansive framing for science classrooms that are deeply immersed in authentic scientific practices and discourse.</dcvalue>
      <dcvalue element="language" qualifier="iso" language="en_US">en</dcvalue>
      <dcvalue element="publisher" qualifier="none" language="en_US">Singapore:&#x20;International&#x20;Society&#x20;of&#x20;the&#x20;Learning&#x20;Sciences</dcvalue>
      <dcvalue element="title" qualifier="none" language="en_US">Conceptualizing Authenticity and Relevance of Science Education in Interactional Terms</dcvalue>
      <dcvalue element="type" qualifier="none" language="en_US">Book&#x20;chapter</dcvalue>
      &lt;dc:subject xml:lang="en"&gt;science education&lt;/dc:subject&gt;
&lt;dc:subject xml:lang="en"&gt;teaching &amp; learning&lt;/dc:subject&gt;
&lt;dc:subject xml:lang="en"&gt;authenticity&lt;/dc:subject&gt;
&lt;dc:subject xml:lang="en"&gt;relevance&lt;/dc:subject&gt;
    </dublin_core>