<?xml version="1.0" encoding="utf-8" standalone="no"?>
    <dublin_core schema="dc">
    <dcvalue element="contributor" qualifier="author">Lin, Feng</dcvalue>
<dcvalue element="contributor" qualifier="author">Chan, Carol K.K.</dcvalue>
      <dcvalue element="date" qualifier="accessioned">2017-06-19T14:15:51Z</dcvalue>
      <dcvalue element="date" qualifier="available">2017-06-19T14:15:51Z</dcvalue>
      <dcvalue element="date" qualifier="issued">2015-07</dcvalue>
      <dcvalue element="identifier" qualifier="citation" language="en_US">Lin, F. &amp; Chan, C. K.&#x20;(2015).&#x20;Scaffolding Scientific Epistemologies through Knowledge-Building Discourse and Epistemic Reflection&#x20;In&#x20; Lindwall,&#x20;O.,&#x20;Häkkinen,&#x20;P.,&#x20;Koschman,&#x20;T.&#x20;Tchounikine,&#x20;P.&#x20;&#x20;Ludvigsen,&#x20;S.&#x20;(Eds.)&#x20;(2015).&#x20;Exploring&#x20;the&#x20;Material&#x20;Conditions&#x20;of&#x20;Learning:&#x20;The&#x20;Computer&#x20;Supported&#x20;Collaborative&#x20;Learning&#x20;(CSCL)&#x20;Conference&#x20;2015,&#x20;Volume&#x20;1.&#x20;Gothenburg,&#x20;Sweden:&#x20;The&#x20;International&#x20;Society&#x20;of&#x20;the&#x20;Learning&#x20;Sciences.</dcvalue>
      <dcvalue element="identifier" qualifier="uri">https://doi.dx.org&#x2F;10.22318&#x2F;cscl2015.414</dcvalue>
      <dcvalue element="description" qualifier="abstract" language="en_US">This study investigated how elementary-school children’s science epistemologies can be fostered in a CSCL knowledge-building environment focusing on epistemic inquiry and reflection. Two classes of fifth graders in Hong Kong participated in a unit of electricity study. The design involves students engaging in scientific inquiry, pursuing ideas on Knowledge Forum®, and making epistemic reflection about the inquiry process.  A key design theme involves children reflecting on their inquiry in relation to scientific practice and collective theory building. Analyses indicate that online discourse moves reflecting epistemic inquiry (problem-centred uptake and theory building) were correlated with post-test epistemic and conceptual understanding. Classroom and interview analyses showed how students’ epistemic practice (e.g., theory revision) and epistemic reflection (connecting their own inquiry and scientists’ inquiry) might have influenced their epistemic development.  Implications of how children develop scientific epistemology supported by epistemic inquiry, discourse and reflection in a knowledge-building environment are discussed.
</dcvalue>
      <dcvalue element="language" qualifier="iso" language="en_US">en</dcvalue>
      <dcvalue element="publisher" qualifier="none" language="en_US"> International&#x20;Society&#x20;of&#x20;the&#x20;Learning&#x20;Sciences,&#x20;Inc.&#x20;[ISLS].</dcvalue>
      <dcvalue element="title" qualifier="none" language="en_US">Scaffolding Scientific Epistemologies through Knowledge-Building Discourse and Epistemic Reflection</dcvalue>
      <dcvalue element="type" qualifier="none" language="en_US">Book&#x20;chapter</dcvalue>
      <dc:subject xml:lang="en">Scaffolding Scientific Epistemologies through Knowledge-Building Discourse and Epistemic Reflection</dc:subject>
<dc:subject xml:lang="en">knowledge building</dc:subject>
<dc:subject xml:lang="en">CSCL discourse</dc:subject>
<dc:subject xml:lang="en">epistemic views of science</dc:subject>
<dc:subject xml:lang="en">scientific inquiry</dc:subject>
    </dublin_core>
