<?xml version="1.0" encoding="utf-8" standalone="no"?>
    <dublin_core schema="dc">
    <dcvalue element="contributor" qualifier="author">Crouse, Kevin</dcvalue>
<dcvalue element="contributor" qualifier="author">Joyce, Jeanette</dcvalue>
<dcvalue element="contributor" qualifier="author">Cavera, Veronica L.</dcvalue>
      <dcvalue element="date" qualifier="accessioned">2017-06-19T11:35:24Z</dcvalue>
      <dcvalue element="date" qualifier="available">2017-06-19T11:35:24Z</dcvalue>
      <dcvalue element="date" qualifier="issued">2016-07</dcvalue>
      <dcvalue element="identifier" qualifier="citation" language="en_US">Crouse, K., Joyce, J., &amp; Cavera, V. L.&#x20;(2016).&#x20;Crossing Boundaries: Reflexive Analysis of Collaborative Learning in Research Institutions&#x20;In&#x20;Looi,&#x20;C.&#x20;K.,&#x20;Polman,&#x20;J.&#x20;L.,&#x20;Cress,&#x20;U.,&#x20;and&#x20;Reimann,&#x20;P.&#x20;(Eds.).&#x20;Transforming&#x20;Learning,&#x20;Empowering&#x20;Learners:&#x20;The&#x20;International&#x20;Conference&#x20;of&#x20;the&#x20;Learning&#x20;Sciences&#x20;(ICLS)&#x20;2016,&#x20;Volume&#x20;2.&#x20;Singapore:&#x20;International&#x20;Society&#x20;of&#x20;the&#x20;Learning&#x20;Sciences,&#x20;pp.&#x20;35-43.</dcvalue>
      <dcvalue element="identifier" qualifier="uri">https://doi.dx.org&#x2F;10.22318&#x2F;icls2016.104</dcvalue>
      <dcvalue element="description" qualifier="abstract" language="en_US">Researchers have increasingly looked at characteristics of learning organizations, which engage in constant transformation to facilitate organizational learning in order to remain successful. While much of this research has looked at organizational practices and the embedded social networks within and across private firms, little research has reflexively considered academia. Yet, professional interactions within academic disciplines that cross narrow research specializations are critical for the continued advancement of public science. In this study, we employ a sequential mixed-methods study design to establish a base of empirical research that is introspective of the collaborative research environment of academia. We first employed purposeful semi-structured interviews to understand the value academic leaders place in cross-specialization interactions and then collected questionnaires from which we conducted statistical and social network analyses to describe the characteristics of and variation within disciplinary interaction networks and the relationships between network attributes and perceptions of a positive, collaborative learning environment.</dcvalue>
      <dcvalue element="language" qualifier="iso" language="en_US">en</dcvalue>
      <dcvalue element="publisher" qualifier="none" language="en_US">Singapore:&#x20;International&#x20;Society&#x20;of&#x20;the&#x20;Learning&#x20;Sciences</dcvalue>
      <dcvalue element="title" qualifier="none" language="en_US">Crossing Boundaries: Reflexive Analysis of Collaborative Learning in Research Institutions</dcvalue>
      <dcvalue element="type" qualifier="none" language="en_US">Book&#x20;chapter</dcvalue>
      &lt;dc:subject xml:lang="en"&gt;organizational learning&lt;/dc:subject&gt;
&lt;dc:subject xml:lang="en"&gt;collaboration&lt;/dc:subject&gt;
&lt;dc:subject xml:lang="en"&gt;higher education&lt;/dc:subject&gt;
    </dublin_core>