<?xml version="1.0" encoding="utf-8" standalone="no"?>
    <dublin_core schema="dc">
    <dcvalue element="contributor" qualifier="author">Betz, Anica</dcvalue>
<dcvalue element="contributor" qualifier="author">Flake, Sabrina</dcvalue>
<dcvalue element="contributor" qualifier="author">Mierwald, Marcel</dcvalue>
<dcvalue element="contributor" qualifier="author">Vanderbeke, Marie</dcvalue>
      <dcvalue element="date" qualifier="accessioned">2017-06-19T11:35:31Z</dcvalue>
      <dcvalue element="date" qualifier="available">2017-06-19T11:35:31Z</dcvalue>
      <dcvalue element="date" qualifier="issued">2016-07</dcvalue>
      <dcvalue element="identifier" qualifier="citation" language="en_US">Betz, A., Flake, S., Mierwald, M., &amp; Vanderbeke, M.&#x20;(2016).&#x20;Modelling Authenticity in Teaching and Learning Contexts: A Contribution to Theory Development and Empirical Investigation of the Construct&#x20;In&#x20;Looi,&#x20;C.&#x20;K.,&#x20;Polman,&#x20;J.&#x20;L.,&#x20;Cress,&#x20;U.,&#x20;and&#x20;Reimann,&#x20;P.&#x20;(Eds.).&#x20;Transforming&#x20;Learning,&#x20;Empowering&#x20;Learners:&#x20;The&#x20;International&#x20;Conference&#x20;of&#x20;the&#x20;Learning&#x20;Sciences&#x20;(ICLS)&#x20;2016,&#x20;Volume&#x20;2.&#x20;Singapore:&#x20;International&#x20;Society&#x20;of&#x20;the&#x20;Learning&#x20;Sciences,&#x20;pp.&#x20;35-43.</dcvalue>
      <dcvalue element="identifier" qualifier="uri">https://doi.dx.org&#x2F;10.22318&#x2F;icls2016.110</dcvalue>
      <dcvalue element="description" qualifier="abstract" language="en_US">Authenticity as a concept is used in a multitude of settings and is linked to various − to some extent divergent − pedagogical ideas. This contribution proposes an interdisciplinary, literature-based conceptualisation of the term leading to the modelling of authenticity in teaching and learning contexts. The model can serve as a basis for designing further empirical surveys and educational interventions.</dcvalue>
      <dcvalue element="language" qualifier="iso" language="en_US">en</dcvalue>
      <dcvalue element="publisher" qualifier="none" language="en_US">Singapore:&#x20;International&#x20;Society&#x20;of&#x20;the&#x20;Learning&#x20;Sciences</dcvalue>
      <dcvalue element="title" qualifier="none" language="en_US">Modelling Authenticity in Teaching and Learning Contexts: A Contribution to Theory Development and Empirical Investigation of the Construct</dcvalue>
      <dcvalue element="type" qualifier="none" language="en_US">Book&#x20;chapter</dcvalue>
      &lt;dc:subject xml:lang="en"&gt;authenticity&lt;/dc:subject&gt;
&lt;dc:subject xml:lang="en"&gt;learning settings&lt;/dc:subject&gt;
&lt;dc:subject xml:lang="en"&gt;education&lt;/dc:subject&gt;
&lt;dc:subject xml:lang="en"&gt;interdisciplinary&lt;/dc:subject&gt;
    </dublin_core>