<?xml version="1.0" encoding="utf-8" standalone="no"?>
    <dublin_core schema="dc">
    <dcvalue element="contributor" qualifier="author">Hong, Huang-Yao</dcvalue>
<dcvalue element="contributor" qualifier="author">Chen, Bodong</dcvalue>
<dcvalue element="contributor" qualifier="author">Tsai, Chin-Chung</dcvalue>
<dcvalue element="contributor" qualifier="author">Lin, Chiu Pin</dcvalue>
<dcvalue element="contributor" qualifier="author">Wu, Ying-Tien</dcvalue>
      <dcvalue element="date" qualifier="accessioned">2017-06-19T11:35:23Z</dcvalue>
      <dcvalue element="date" qualifier="available">2017-06-19T11:35:23Z</dcvalue>
      <dcvalue element="date" qualifier="issued">2016-07</dcvalue>
      <dcvalue element="identifier" qualifier="citation" language="en_US">Hong, H., Chen, B., Tsai, C., Lin, C. P., &amp; Wu, Y.&#x20;(2016).&#x20;Fostering More Informed Epistemic Views Among Students Through Knowledge Building&#x20;In&#x20;Looi,&#x20;C.&#x20;K.,&#x20;Polman,&#x20;J.&#x20;L.,&#x20;Cress,&#x20;U.,&#x20;and&#x20;Reimann,&#x20;P.&#x20;(Eds.).&#x20;Transforming&#x20;Learning,&#x20;Empowering&#x20;Learners:&#x20;The&#x20;International&#x20;Conference&#x20;of&#x20;the&#x20;Learning&#x20;Sciences&#x20;(ICLS)&#x20;2016,&#x20;Volume&#x20;2.&#x20;Singapore:&#x20;International&#x20;Society&#x20;of&#x20;the&#x20;Learning&#x20;Sciences,&#x20;pp.&#x20;35-43.</dcvalue>
      <dcvalue element="identifier" qualifier="uri">https://doi.dx.org&#x2F;10.22318&#x2F;icls2016.103</dcvalue>
      <dcvalue element="description" qualifier="abstract" language="en_US">Understanding students' epistemic views is critical for us educators to understand how they work with ideas and knowledge. The present study explored how college students’ online collaborative inquiry activities may inform their epistemic views. A mixed-method analysis revealed that students’ online knowledge-building and inquiry activities were associated with the change of their epistemic views. When engaging in more productive group inquiry activities, a more sophisticated epistemic view conducive to continual idea improvement for knowledge advancement was more likely to develop among students. </dcvalue>
      <dcvalue element="language" qualifier="iso" language="en_US">en</dcvalue>
      <dcvalue element="publisher" qualifier="none" language="en_US">Singapore:&#x20;International&#x20;Society&#x20;of&#x20;the&#x20;Learning&#x20;Sciences</dcvalue>
      <dcvalue element="title" qualifier="none" language="en_US">Fostering More Informed Epistemic Views Among Students Through Knowledge Building</dcvalue>
      <dcvalue element="type" qualifier="none" language="en_US">Book&#x20;chapter</dcvalue>
      &lt;dc:subject xml:lang="en"&gt;knowledge building&lt;/dc:subject&gt;
&lt;dc:subject xml:lang="en"&gt;epistemic view&lt;/dc:subject&gt;
&lt;dc:subject xml:lang="en"&gt;CSCL&lt;/dc:subject&gt;
&lt;dc:subject xml:lang="en"&gt;knowledge creation&lt;/dc:subject&gt;
    </dublin_core>