<?xml version="1.0" encoding="utf-8" standalone="no"?>
    <dublin_core schema="dc">
    <dcvalue element="contributor" qualifier="author">Sommerhoff, Daniel</dcvalue>
<dcvalue element="contributor" qualifier="author">Ufer, Stefan</dcvalue>
<dcvalue element="contributor" qualifier="author">Kollar, Ingo</dcvalue>
      <dcvalue element="date" qualifier="accessioned">2017-06-19T11:35:30Z</dcvalue>
      <dcvalue element="date" qualifier="available">2017-06-19T11:35:30Z</dcvalue>
      <dcvalue element="date" qualifier="issued">2016-07</dcvalue>
      <dcvalue element="identifier" qualifier="citation" language="en_US">Sommerhoff, D., Ufer, S., &amp; Kollar, I.&#x20;(2016).&#x20;Mathematical Argumentation and Proof Supporting a Complex Cognitive Skill&#x20;In&#x20;Looi,&#x20;C.&#x20;K.,&#x20;Polman,&#x20;J.&#x20;L.,&#x20;Cress,&#x20;U.,&#x20;and&#x20;Reimann,&#x20;P.&#x20;(Eds.).&#x20;Transforming&#x20;Learning,&#x20;Empowering&#x20;Learners:&#x20;The&#x20;International&#x20;Conference&#x20;of&#x20;the&#x20;Learning&#x20;Sciences&#x20;(ICLS)&#x20;2016,&#x20;Volume&#x20;2.&#x20;Singapore:&#x20;International&#x20;Society&#x20;of&#x20;the&#x20;Learning&#x20;Sciences,&#x20;pp.&#x20;35-43.</dcvalue>
      <dcvalue element="identifier" qualifier="uri">https://doi.dx.org&#x2F;10.22318&#x2F;icls2016.109</dcvalue>
      <dcvalue element="description" qualifier="abstract" language="en_US">During the last decades, research has provided evidence that handling mathematical argumentation and proof (MA&amp;P) represents a complex cognitive skill, which requires various constituent skills. However, research on MA&amp;P skills as well as their facilitation largely disregards this fact and effective means to foster the constituents and overall MA&amp;P skills remain mainly unclear. Transferring research on the facilitation of complex cognitive skills from instructional design, two approaches may be effective: Fostering the constituents one by one respectively fostering them simultaneously. We therefore present an intervention study that takes a holistic approach on MA&amp;P skills and their constituents, comparing a sequential (one-by-one) and an integrated (simultaneous) instructional approach to foster each constituent skill as well as students’ overall MA&amp;P skills. The results show that learners in the integrated condition and the sequential condition have very similar learning gains that differ only in their mathematical strategic knowledge, which is superior in the integrated condition.</dcvalue>
      <dcvalue element="language" qualifier="iso" language="en_US">en</dcvalue>
      <dcvalue element="publisher" qualifier="none" language="en_US">Singapore:&#x20;International&#x20;Society&#x20;of&#x20;the&#x20;Learning&#x20;Sciences</dcvalue>
      <dcvalue element="title" qualifier="none" language="en_US">Mathematical Argumentation and Proof Supporting a Complex Cognitive Skill</dcvalue>
      <dcvalue element="type" qualifier="none" language="en_US">Book&#x20;chapter</dcvalue>
      &lt;dc:subject xml:lang="en"&gt;mathematics education&lt;/dc:subject&gt;
&lt;dc:subject xml:lang="en"&gt;argumentation&lt;/dc:subject&gt;
&lt;dc:subject xml:lang="en"&gt;intervention&lt;/dc:subject&gt;
&lt;dc:subject xml:lang="en"&gt;cognition&lt;/dc:subject&gt;
    </dublin_core>