<?xml version="1.0" encoding="utf-8" standalone="no"?>
    <dublin_core schema="dc">
    <dcvalue element="contributor" qualifier="author">Jacobson, Michael J.</dcvalue>
<dcvalue element="contributor" qualifier="author">Lund, Kristine</dcvalue>
<dcvalue element="contributor" qualifier="author">Hoadley, Christopher</dcvalue>
<dcvalue element="contributor" qualifier="author">Vatrapu, Ravi</dcvalue>
<dcvalue element="contributor" qualifier="author">Kolodner, Janet L.</dcvalue>
<dcvalue element="contributor" qualifier="author">Reimann, Peter</dcvalue>
      <dcvalue element="date" qualifier="accessioned">2017-06-19T11:36:43Z</dcvalue>
      <dcvalue element="date" qualifier="available">2017-06-19T11:36:43Z</dcvalue>
      <dcvalue element="date" qualifier="issued">2016-07</dcvalue>
      <dcvalue element="identifier" qualifier="citation" language="en_US">Jacobson, M. J., Lund, K., Hoadley, C., Vatrapu, R., Kolodner, J. L., &amp; Reimann, P.&#x20;(2016).&#x20;Beyond Just Getting Our Word Out: Creating Pipelines From Learning Sciences Research to Educational Practices&#x20;In&#x20;Looi,&#x20;C.&#x20;K.,&#x20;Polman,&#x20;J.&#x20;L.,&#x20;Cress,&#x20;U.,&#x20;and&#x20;Reimann,&#x20;P.&#x20;(Eds.).&#x20;Transforming&#x20;Learning,&#x20;Empowering&#x20;Learners:&#x20;The&#x20;International&#x20;Conference&#x20;of&#x20;the&#x20;Learning&#x20;Sciences&#x20;(ICLS)&#x20;2016,&#x20;Volume&#x20;2.&#x20;Singapore:&#x20;International&#x20;Society&#x20;of&#x20;the&#x20;Learning&#x20;Sciences,&#x20;pp.&#x20;35-43.</dcvalue>
      <dcvalue element="identifier" qualifier="uri">https://doi.dx.org&#x2F;10.22318&#x2F;icls2016.168</dcvalue>
      <dcvalue element="description" qualifier="abstract" language="en_US">This session convenes a symposium to discuss issues related to the gap between current learning sciences (LS) research and the majority of prevalent formal and informal educational practices internationally. Presenters will discuss their international experiences with building bridges between research and practice, such as such as commercialization, non-profits, and organizational and government supported programs. The session concludes with the presenters and the audience considering strategies and options for members of the LS communities to both “get the word out” as well as for future efforts to create pipelines for getting LS research into everyday educational practices.</dcvalue>
      <dcvalue element="language" qualifier="iso" language="en_US">en</dcvalue>
      <dcvalue element="publisher" qualifier="none" language="en_US">Singapore:&#x20;International&#x20;Society&#x20;of&#x20;the&#x20;Learning&#x20;Sciences</dcvalue>
      <dcvalue element="title" qualifier="none" language="en_US">Beyond Just Getting Our Word Out: Creating Pipelines From Learning Sciences Research to Educational Practices</dcvalue>
      <dcvalue element="type" qualifier="none" language="en_US">Book&#x20;chapter</dcvalue>
      &lt;dc:subject xml:lang="en"&gt;research&lt;/dc:subject&gt;
&lt;dc:subject xml:lang="en"&gt;impact&lt;/dc:subject&gt;
&lt;dc:subject xml:lang="en"&gt;policy&lt;/dc:subject&gt;
&lt;dc:subject xml:lang="en"&gt;outreach&lt;/dc:subject&gt;
&lt;dc:subject xml:lang="en"&gt;commercialization&lt;/dc:subject&gt;
&lt;dc:subject xml:lang="en"&gt;industry&lt;/dc:subject&gt;
&lt;dc:subject xml:lang="en"&gt;NGOs&lt;/dc:subject&gt;
&lt;dc:subject xml:lang="en"&gt;startup&lt;/dc:subject&gt;
    </dublin_core>