<?xml version="1.0" encoding="utf-8" standalone="no"?>
    <dublin_core schema="dc">
    <dcvalue element="contributor" qualifier="author">Charles, Elizabeth S.</dcvalue>
<dcvalue element="contributor" qualifier="author">Lasry, Nathaniel</dcvalue>
<dcvalue element="contributor" qualifier="author">Whittaker, Chris</dcvalue>
<dcvalue element="contributor" qualifier="author">Dugdale, Michael</dcvalue>
<dcvalue element="contributor" qualifier="author">Lenton, Kevin</dcvalue>
<dcvalue element="contributor" qualifier="author">Bhatnagar, Sameer</dcvalue>
<dcvalue element="contributor" qualifier="author">Guillemette, Jonathan</dcvalue>
      <dcvalue element="date" qualifier="accessioned">2017-06-19T14:15:51Z</dcvalue>
      <dcvalue element="date" qualifier="available">2017-06-19T14:15:51Z</dcvalue>
      <dcvalue element="date" qualifier="issued">2015-07</dcvalue>
      <dcvalue element="identifier" qualifier="citation" language="en_US">Charles, E. S., Lasry, N., Whittaker, C., Dugdale, M., Lenton, K., Bhatnagar, S., &amp; Guillemette, J.&#x20;(2015).&#x20;Beyond and Within Classroom Walls: Designing Principled Pedagogical Tools for Student and Faculty Uptake&#x20;In&#x20; Lindwall,&#x20;O.,&#x20;Häkkinen,&#x20;P.,&#x20;Koschman,&#x20;T.&#x20;Tchounikine,&#x20;P.&#x20;&#x20;Ludvigsen,&#x20;S.&#x20;(Eds.)&#x20;(2015).&#x20;Exploring&#x20;the&#x20;Material&#x20;Conditions&#x20;of&#x20;Learning:&#x20;The&#x20;Computer&#x20;Supported&#x20;Collaborative&#x20;Learning&#x20;(CSCL)&#x20;Conference&#x20;2015,&#x20;Volume&#x20;1.&#x20;Gothenburg,&#x20;Sweden:&#x20;The&#x20;International&#x20;Society&#x20;of&#x20;the&#x20;Learning&#x20;Sciences.</dcvalue>
      <dcvalue element="identifier" qualifier="uri">https://doi.dx.org&#x2F;10.22318&#x2F;cscl2015.280</dcvalue>
      <dcvalue element="description" qualifier="abstract" language="en_US">This paper tells the story of DALITE, a design-based experiment, involving a co-design project, spanning three iterations and nearly four years. DALITE was designed around the principles of peer instruction, in particular, self-explanation and intentional reflection. DALITE consists of two databases: a database of college-level physics questions and another of student-generated rationales. We report on the iterative design process that has shaped this web-based asynchronous learning environment and on its use as part of an active learning pedagogy. Using mixed methods we have tested DALITE’s effectiveness to support conceptual change, examined the content of its databases, observed its use in classrooms, and conducted interviews from users – students as well as instructors. These data help to reveal the conditions of DALITE’s effectiveness. We discuss our findings and provide design guidelines. 
</dcvalue>
      <dcvalue element="language" qualifier="iso" language="en_US">en</dcvalue>
      <dcvalue element="publisher" qualifier="none" language="en_US"> International&#x20;Society&#x20;of&#x20;the&#x20;Learning&#x20;Sciences,&#x20;Inc.&#x20;[ISLS].</dcvalue>
      <dcvalue element="title" qualifier="none" language="en_US">Beyond and Within Classroom Walls: Designing Principled Pedagogical Tools for Student and Faculty Uptake</dcvalue>
      <dcvalue element="type" qualifier="none" language="en_US">Book&#x20;chapter</dcvalue>
      <dc:subject xml:lang="en">Beyond and Within Classroom Walls: Designing Principled Pedagogical Tools for Student and Faculty Uptake</dc:subject>
<dc:subject xml:lang="en">active learning</dc:subject>
<dc:subject xml:lang="en">peer instruction</dc:subject>
<dc:subject xml:lang="en">design-based experiment</dc:subject>
<dc:subject xml:lang="en">conceptual change</dc:subject>
    </dublin_core>