<?xml version="1.0" encoding="utf-8" standalone="no"?>
    <dublin_core schema="dc">
    <dcvalue element="contributor" qualifier="author">Jung, Yong Ju</dcvalue>
<dcvalue element="contributor" qualifier="author">Yan, Shulong</dcvalue>
<dcvalue element="contributor" qualifier="author">Borge, Marcela</dcvalue>
      <dcvalue element="date" qualifier="accessioned">2017-06-19T11:35:50Z</dcvalue>
      <dcvalue element="date" qualifier="available">2017-06-19T11:35:50Z</dcvalue>
      <dcvalue element="date" qualifier="issued">2016-07</dcvalue>
      <dcvalue element="identifier" qualifier="citation" language="en_US">Jung, Y. J., Yan, S., &amp; Borge, M.&#x20;(2016).&#x20;Problems With Different Interests of Learners in an Informal CSCL Setting&#x20;In&#x20;Looi,&#x20;C.&#x20;K.,&#x20;Polman,&#x20;J.&#x20;L.,&#x20;Cress,&#x20;U.,&#x20;and&#x20;Reimann,&#x20;P.&#x20;(Eds.).&#x20;Transforming&#x20;Learning,&#x20;Empowering&#x20;Learners:&#x20;The&#x20;International&#x20;Conference&#x20;of&#x20;the&#x20;Learning&#x20;Sciences&#x20;(ICLS)&#x20;2016,&#x20;Volume&#x20;2.&#x20;Singapore:&#x20;International&#x20;Society&#x20;of&#x20;the&#x20;Learning&#x20;Sciences,&#x20;pp.&#x20;35-43.</dcvalue>
      <dcvalue element="identifier" qualifier="uri">https://doi.dx.org&#x2F;10.22318&#x2F;icls2016.126</dcvalue>
      <dcvalue element="description" qualifier="abstract" language="en_US">Interest drives engagement in learning and supports learners’ spontaneous participation in CSCL settings. However, few studies have investigated how interest development is supported or hindered during learning activities. This microethnographic study explores how a learner’s interest decreased during collaborative design activities in a summer camp for elementary-level students. The analysis shows that problems surrounding learners’ different interests and facilitators’ directed intervention could hinder interest development.</dcvalue>
      <dcvalue element="language" qualifier="iso" language="en_US">en</dcvalue>
      <dcvalue element="publisher" qualifier="none" language="en_US">Singapore:&#x20;International&#x20;Society&#x20;of&#x20;the&#x20;Learning&#x20;Sciences</dcvalue>
      <dcvalue element="title" qualifier="none" language="en_US">Problems With Different Interests of Learners in an Informal CSCL Setting</dcvalue>
      <dcvalue element="type" qualifier="none" language="en_US">Book&#x20;chapter</dcvalue>
      &lt;dc:subject xml:lang="en"&gt;interest-driven learning&lt;/dc:subject&gt;
&lt;dc:subject xml:lang="en"&gt;design thinking&lt;/dc:subject&gt;
&lt;dc:subject xml:lang="en"&gt;informal environments&lt;/dc:subject&gt;
&lt;dc:subject xml:lang="en"&gt;CSCL&lt;/dc:subject&gt;
    </dublin_core>