<?xml version="1.0" encoding="utf-8" standalone="no"?>
    <dublin_core schema="dc">
    <dcvalue element="contributor" qualifier="author">Rivet, Ann E.</dcvalue>
<dcvalue element="contributor" qualifier="author">Weiser, Gary</dcvalue>
<dcvalue element="contributor" qualifier="author">Lyu, Xiaoxin</dcvalue>
<dcvalue element="contributor" qualifier="author">Li, Yi</dcvalue>
<dcvalue element="contributor" qualifier="author">Rojas-Perilla, Diego</dcvalue>
      <dcvalue element="date" qualifier="accessioned">2017-06-19T11:36:17Z</dcvalue>
      <dcvalue element="date" qualifier="available">2017-06-19T11:36:17Z</dcvalue>
      <dcvalue element="date" qualifier="issued">2016-07</dcvalue>
      <dcvalue element="identifier" qualifier="citation" language="en_US">Rivet, A. E., Weiser, G., Lyu, X., Li, Y., &amp; Rojas-Perilla, D.&#x20;(2016).&#x20;What Are Crosscutting Concepts in Science? Four Metaphorical Perspectives&#x20;In&#x20;Looi,&#x20;C.&#x20;K.,&#x20;Polman,&#x20;J.&#x20;L.,&#x20;Cress,&#x20;U.,&#x20;and&#x20;Reimann,&#x20;P.&#x20;(Eds.).&#x20;Transforming&#x20;Learning,&#x20;Empowering&#x20;Learners:&#x20;The&#x20;International&#x20;Conference&#x20;of&#x20;the&#x20;Learning&#x20;Sciences&#x20;(ICLS)&#x20;2016,&#x20;Volume&#x20;2.&#x20;Singapore:&#x20;International&#x20;Society&#x20;of&#x20;the&#x20;Learning&#x20;Sciences,&#x20;pp.&#x20;35-43.</dcvalue>
      <dcvalue element="identifier" qualifier="uri">https://doi.dx.org&#x2F;10.22318&#x2F;icls2016.149</dcvalue>
      <dcvalue element="description" qualifier="abstract" language="en_US">To think more productively about the role of crosscutting concepts (CCCs) and how they influence students’ three-dimensional science understandings of phenomena, we took a hermeneutic approach to examine the literature and language of the Next Generation Science Standards and its supporting documents. Using the perspective of Lakoff and Johnson (2003)’s conceptual metaphors, our analysis identified a set of four metaphorical perspectives – CCCs AS LENSES, CCCs AS BRIDGES, CCCs AS TOOLS, and CCCs AS RULES – that the texts use to describe the role of CCCs in three-dimensional science learning. We discuss the affordances and limitations of each perspective, their implications for instruction and assessment design, and directions for future research. </dcvalue>
      <dcvalue element="language" qualifier="iso" language="en_US">en</dcvalue>
      <dcvalue element="publisher" qualifier="none" language="en_US">Singapore:&#x20;International&#x20;Society&#x20;of&#x20;the&#x20;Learning&#x20;Sciences</dcvalue>
      <dcvalue element="title" qualifier="none" language="en_US">What Are Crosscutting Concepts in Science? Four Metaphorical Perspectives</dcvalue>
      <dcvalue element="type" qualifier="none" language="en_US">Book&#x20;chapter</dcvalue>
      &lt;dc:subject xml:lang="en"&gt;Crosscutting concepts&lt;/dc:subject&gt;
&lt;dc:subject xml:lang="en"&gt;NGSS&lt;/dc:subject&gt;
&lt;dc:subject xml:lang="en"&gt;metaphor&lt;/dc:subject&gt;
&lt;dc:subject xml:lang="en"&gt;science learning&lt;/dc:subject&gt;
    </dublin_core>