<?xml version="1.0" encoding="utf-8" standalone="no"?>
    <dublin_core schema="dc">
    <dcvalue element="contributor" qualifier="author">Jordan, Michelle E.</dcvalue>
<dcvalue element="contributor" qualifier="author">Collins, Jamie M.</dcvalue>
      <dcvalue element="date" qualifier="accessioned">2017-06-19T11:36:29Z</dcvalue>
      <dcvalue element="date" qualifier="available">2017-06-19T11:36:29Z</dcvalue>
      <dcvalue element="date" qualifier="issued">2016-07</dcvalue>
      <dcvalue element="identifier" qualifier="citation" language="en_US">Jordan, M. E. &amp; Collins, J. M.&#x20;(2016).&#x20;Sketching a Pathway Through Design Worlds: Multimodal Communication in a Fifth-Grade Collaborative Engineering Project&#x20;In&#x20;Looi,&#x20;C.&#x20;K.,&#x20;Polman,&#x20;J.&#x20;L.,&#x20;Cress,&#x20;U.,&#x20;and&#x20;Reimann,&#x20;P.&#x20;(Eds.).&#x20;Transforming&#x20;Learning,&#x20;Empowering&#x20;Learners:&#x20;The&#x20;International&#x20;Conference&#x20;of&#x20;the&#x20;Learning&#x20;Sciences&#x20;(ICLS)&#x20;2016,&#x20;Volume&#x20;2.&#x20;Singapore:&#x20;International&#x20;Society&#x20;of&#x20;the&#x20;Learning&#x20;Sciences,&#x20;pp.&#x20;35-43.</dcvalue>
      <dcvalue element="identifier" qualifier="uri">https://doi.dx.org&#x2F;10.22318&#x2F;icls2016.159</dcvalue>
      <dcvalue element="description" qualifier="abstract" language="en_US">This qualitative case study sought to understand how disciplinary literacy practices associated with engineering design were used to facilitate communication among the four fifth-grade members of one collaborative learning group engaged in brainstorming initial design ideas for a remote-controlled, paddle-propelled robotic watercraft. Specifically, we focused on understanding how sketching was used by group members and for what purposes. Analysis of nine student-generated sketches and discourse during the team’s first work session suggested that sketching was “mixed and mashed” with other literacy acts to create design worlds, facilitate deep learning, and navigate pathways towards engineering goals.</dcvalue>
      <dcvalue element="language" qualifier="iso" language="en_US">en</dcvalue>
      <dcvalue element="publisher" qualifier="none" language="en_US">Singapore:&#x20;International&#x20;Society&#x20;of&#x20;the&#x20;Learning&#x20;Sciences</dcvalue>
      <dcvalue element="title" qualifier="none" language="en_US">Sketching a Pathway Through Design Worlds: Multimodal Communication in a Fifth-Grade Collaborative Engineering Project</dcvalue>
      <dcvalue element="type" qualifier="none" language="en_US">Book&#x20;chapter</dcvalue>
      &lt;dc:subject xml:lang="en"&gt;engineering&lt;/dc:subject&gt;
&lt;dc:subject xml:lang="en"&gt;collaboration&lt;/dc:subject&gt;
&lt;dc:subject xml:lang="en"&gt;communication&lt;/dc:subject&gt;
&lt;dc:subject xml:lang="en"&gt;design&lt;/dc:subject&gt;
    </dublin_core>