<?xml version="1.0" encoding="utf-8" standalone="no"?>
    <dublin_core schema="dc">
    <dcvalue element="contributor" qualifier="author">Sommer, Stephen</dcvalue>
<dcvalue element="contributor" qualifier="author">Graville-Smith, Cynthia</dcvalue>
<dcvalue element="contributor" qualifier="author">Hinojosa, Leighanna</dcvalue>
<dcvalue element="contributor" qualifier="author">Polman, Joseph</dcvalue>
      <dcvalue element="date" qualifier="accessioned">2017-06-19T11:36:13Z</dcvalue>
      <dcvalue element="date" qualifier="available">2017-06-19T11:36:13Z</dcvalue>
      <dcvalue element="date" qualifier="issued">2016-07</dcvalue>
      <dcvalue element="identifier" qualifier="citation" language="en_US">Sommer, S., Graville-Smith, C., Hinojosa, L., &amp; Polman, J.&#x20;(2016).&#x20;Iterative Curricular Design of Collaborative Infographics for Science Literacy in Informal Learning Spaces&#x20;In&#x20;Looi,&#x20;C.&#x20;K.,&#x20;Polman,&#x20;J.&#x20;L.,&#x20;Cress,&#x20;U.,&#x20;and&#x20;Reimann,&#x20;P.&#x20;(Eds.).&#x20;Transforming&#x20;Learning,&#x20;Empowering&#x20;Learners:&#x20;The&#x20;International&#x20;Conference&#x20;of&#x20;the&#x20;Learning&#x20;Sciences&#x20;(ICLS)&#x20;2016,&#x20;Volume&#x20;2.&#x20;Singapore:&#x20;International&#x20;Society&#x20;of&#x20;the&#x20;Learning&#x20;Sciences,&#x20;pp.&#x20;35-43.</dcvalue>
      <dcvalue element="identifier" qualifier="uri">https://doi.dx.org&#x2F;10.22318&#x2F;icls2016.145</dcvalue>
      <dcvalue element="description" qualifier="abstract" language="en_US">This short report describes the design and implementation of a two year, iterative curriculum developed to promote science literacies through the creation of news infographics in an informal learning environment. Paid, high school student interns were recruited to identify an issue of personal and social relevance and create infographics that visually represented and communicated the science behind their topic. After several cycles of peer and editorial review, these infographics could be published in an online newsmagazine. Three cycles of data journalism activity with distinct participation and activity structures are described, with considerations of the affordances and constraints of each cycle. </dcvalue>
      <dcvalue element="language" qualifier="iso" language="en_US">en</dcvalue>
      <dcvalue element="publisher" qualifier="none" language="en_US">Singapore:&#x20;International&#x20;Society&#x20;of&#x20;the&#x20;Learning&#x20;Sciences</dcvalue>
      <dcvalue element="title" qualifier="none" language="en_US">Iterative Curricular Design of Collaborative Infographics for Science Literacy in Informal Learning Spaces</dcvalue>
      <dcvalue element="type" qualifier="none" language="en_US">Book&#x20;chapter</dcvalue>
      &lt;dc:subject xml:lang="en"&gt;Representational Tools&lt;/dc:subject&gt;
&lt;dc:subject xml:lang="en"&gt;Computer Support for Collaborative Inquiry&lt;/dc:subject&gt;
&lt;dc:subject xml:lang="en"&gt;Informal Learning Settings&lt;/dc:subject&gt;
&lt;dc:subject xml:lang="en"&gt;Infographics&lt;/dc:subject&gt;
    </dublin_core>