<?xml version="1.0" encoding="utf-8" standalone="no"?>
    <dublin_core schema="dc">
    <dcvalue element="contributor" qualifier="author">Kuhn, Deanna</dcvalue>
<dcvalue element="contributor" qualifier="author">Goh, Wendy</dcvalue>
<dcvalue element="contributor" qualifier="author">, </dcvalue>
      <dcvalue element="date" qualifier="accessioned">2017-06-19T11:35:18Z</dcvalue>
      <dcvalue element="date" qualifier="available">2017-06-19T11:35:18Z</dcvalue>
      <dcvalue element="date" qualifier="issued">2016-07</dcvalue>
      <dcvalue element="identifier" qualifier="citation" language="en_US">Kuhn, D., Goh, W., &amp; &#x20;(2016).&#x20;Technology-Supported Dialog as a Bridge to Developing Individual Argumentive Thinking and Writing&#x20;In&#x20;Looi,&#x20;C.&#x20;K.,&#x20;Polman,&#x20;J.&#x20;L.,&#x20;Cress,&#x20;U.,&#x20;and&#x20;Reimann,&#x20;P.&#x20;(Eds.).&#x20;Transforming&#x20;Learning,&#x20;Empowering&#x20;Learners:&#x20;The&#x20;International&#x20;Conference&#x20;of&#x20;the&#x20;Learning&#x20;Sciences&#x20;(ICLS)&#x20;2016,&#x20;Volume&#x20;2.&#x20;Singapore:&#x20;International&#x20;Society&#x20;of&#x20;the&#x20;Learning&#x20;Sciences,&#x20;pp.&#x20;35-43.</dcvalue>
      <dcvalue element="identifier" qualifier="uri">https://doi.dx.org&#x2F;10.22318&#x2F;icls2016.99</dcvalue>
      <dcvalue element="description" qualifier="abstract" language="en_US">We describe the rationale, implementation, and outcomes of a multi-year program featuring electronic dialog as a tool in developing both discourse skills and individual argumentive thinking and writing in middle-school students. Its theoretical roots lie in the sociocultural tradition, in particular Vygotsky’s view that the inter-mental with practice becomes interiorized and transformed into the intra-mental.  We report on the gains observed among successive cohorts, relative to close comparison groups who engaged in non-dialogic whole-class discussion. Gains are seen both in dialogic argumentation and in individual written argument, specifically with respect to counterargument and the use of evidence. \  \ </dcvalue>
      <dcvalue element="language" qualifier="iso" language="en_US">en</dcvalue>
      <dcvalue element="publisher" qualifier="none" language="en_US">Singapore:&#x20;International&#x20;Society&#x20;of&#x20;the&#x20;Learning&#x20;Sciences</dcvalue>
      <dcvalue element="title" qualifier="none" language="en_US">Technology-Supported Dialog as a Bridge to Developing Individual Argumentive Thinking and Writing</dcvalue>
      <dcvalue element="type" qualifier="none" language="en_US">Book&#x20;chapter</dcvalue>
      &lt;dc:subject xml:lang="en"&gt;argumentation&lt;/dc:subject&gt;
&lt;dc:subject xml:lang="en"&gt;technology&lt;/dc:subject&gt;
&lt;dc:subject xml:lang="en"&gt;discourse&lt;/dc:subject&gt;
&lt;dc:subject xml:lang="en"&gt;dialog&lt;/dc:subject&gt;
&lt;dc:subject xml:lang="en"&gt;writing&lt;/dc:subject&gt;
    </dublin_core>